length_mm,width_mm,height_mm,weight_g,hardness_hrc,surface_roughness,temperature_c,vibration_score,color_variation,ultrasonic_defect,quality
0.2582186258419461,2.190509563850774,1.0308021650553487,1.067443058577907,1.0905429653635448,2.2242447864798534,1.84048694203521,0.78458832458469,-0.410666041131593,0.9770207567837048,0
-2.50713925209639,-1.6771956924949334,1.9275924022279687,4.0350015443067875,-0.6375803588697324,-1.346255224938538,-0.006678658662800041,-0.9152889539982461,1.8044594128407814,0.3844351817247659,1
-0.5052700166036437,-3.1677169794101534,2.178912235668977,-2.3059772870488144,2.1758571712634813,-1.380825514427253,0.38405417764494265,-2.928461382717971,-0.7734741916832915,-1.5199166046526487,1
-2.5170614515131904,-3.8210467999635895,0.6884431961635908,-2.5913765716951813,-0.7926611606389861,-4.401891278161061,3.0185180634381066,-3.5120978155138163,-3.2121343384357157,-1.984793245941254,0
-4.542011343045683,2.5642114034541645,-0.637757894451108,3.3401089600170515,0.6270658939261953,0.15561526112983382,-0.924800324553201,0.8980802765640625,-4.884075956464088,-5.611856586138327,1
0.2625123354776424,-4.6710039664605265,2.7701596432665343,-2.4878911413079132,-1.114736660629524,-3.4787376044682334,-1.7437369335731245,-4.224401300557389,1.1410919718915105,-0.6606258709543127,1
-2.973776139328365,-3.508777169925444,1.7116893381941,0.5139620143011077,-3.4465404234514967,-4.086964792937769,-1.3794059412458226,-3.261652732244603,0.2986002055133943,-2.204270759831032,1
-1.261303834369228,-1.9989202230784586,0.00015242759423395036,0.036585315833298715,-0.010912980824566265,-2.3609533903392927,-4.193208790188288,-1.629264394123483,-1.990418890861698,-2.6692405603754064,1
-3.2293868786356823,-4.972853970638962,2.797469376426029,-2.2897011536823015,2.2749782402093865,0.22890258215734938,-2.2563985319640087,-4.861714528270803,-2.5973577728007857,1.8208821615486297,0
-0.4238581479714493,-1.683113864527977,2.352159929569944,2.130165371421229,2.3859764103525474,-0.6369380435348777,1.6730863211600209,-0.8106403222063399,1.653373200101275,0.318459307460889,1
-0.18082292696642832,-2.713811883940763,-1.7824524716553418,3.256119293558366,0.5549598222274629,-3.1123305936403485,-0.40315224265391314,1.2001675802597753,2.697849691369907,1.0597101732714576,0
1.6969038836809212,-0.1600191223314924,1.4666439813064205,-3.948952980989226,-3.5722094974806566,-0.5335823628898618,-0.7445786088285247,-2.2757190090200807,0.2706796980841373,0.01470143140215785,0
0.5074102047080142,-4.249359420938773,1.6497999475678613,-3.7111928995031205,4.017013018318395,-0.5832564105130013,-0.6962772080938185,-3.1395430039962875,-1.0880906446995278,0.5173756554869364,1
0.7501303168669304,-0.8517754656590364,0.4816455579323409,-1.6806784744362968,0.3220251435771909,-2.7049179314041965,-3.112178364214445,-1.4857898178008118,-2.0244995857162005,-5.0382952263241965,1
0.3712376955207213,-0.26270123409265206,-0.06464166182739461,0.45583979375546824,1.6488691827766986,-0.9013064924714718,3.004203434441501,0.2976192743955611,-0.7965992732354925,0.5823686338188505,1
-2.3005715910653777,-2.730482853344624,0.7650212143268225,2.8574610610001017,1.9117049640976727,-1.051936290081491,-1.910773525241313,-1.1601046402969766,-0.6731861087523432,1.3111201529912828,0
-2.6523765206150536,-4.703128973394099,1.5022900801293821,-1.9077496842018966,5.200669846245357,-0.1049920455408262,1.1533603329390056,-2.977628883142362,-2.044234532377215,0.2766543171470821,1
-1.6750813159124962,-8.24654521006269,2.0238033952745305,-2.786375738371176,4.289094952702912,-3.350793027643287,-0.39568759599696735,-4.584048006608614,0.6497326231517566,-0.17688425112764716,1
0.5747736647322573,-2.163905393380416,1.3111312090896543,-4.310059718849928,-0.3021782463341175,-0.2158856516246519,1.4956777197700513,-2.6955665978647354,-0.5312448659129606,1.5469750681256356,0
0.5814279051848432,-0.9491143777360191,2.418795328153247,-2.579498230390773,-0.6818000602460339,0.5843850820761063,0.12024896712865507,-2.4315236369399136,0.1659467467851754,1.0095632266656913,1
-2.746584119482687,-4.422471023108056,0.6802265132529066,3.3244171656213206,1.911458243550709,-0.9763583134717202,-1.6674161479587766,-1.310311712299506,1.4095717347291208,3.5954747818806245,0
-0.045974807452114685,-1.2083025662544709,1.1339869748317584,0.5382258964478139,2.721141446242081,-1.0203301461832266,1.947835458753294,-0.993005408415107,-1.9917905809212337,0.9224964671926046,1
-1.683218524925942,-1.2939722851467188,0.7420098693974224,-0.5083575418462196,3.581295313609062,-0.21769035640723433,-0.3604357387745808,-1.23524571925824,-2.9450053325455525,-2.685036051721297,1
-2.9551591578926724,-5.204989894994548,1.703499901725829,4.008844386123036,-0.5684863520702712,-3.3204269593937674,-4.154937584241777,-2.5734862053146728,1.9799556853434899,1.540360294264149,1
-1.5829538455464176,-5.925291959145803,3.305377896178256,-2.2204817390999407,-0.7364707419802885,-3.3184690187061854,-0.10055376656622439,-4.980187407197575,1.2332839080778675,0.1772965950656007,1
-3.0488228391512635,-3.470286401697088,3.1678116249604322,1.775163392662971,1.100713711797658,0.17211526526406917,-3.612677251246158,-3.162816670147954,0.3267962576888539,1.0445198444585684,0
-0.1842511924891146,-3.290349200310317,1.8880125316844818,-0.43089223940475385,-1.779391342423112,-3.5877832488407533,-0.34333289853032745,-3.370972514922122,-1.2255207104950971,2.119698923268906,0
0.25827743900135824,1.8966026288105746,-1.3720379872419686,3.009639735899337,0.5512400415531798,-0.6348506184684437,0.4362351789998189,2.23931528805859,-0.6946456859751917,-0.8377955689132082,0
1.591481371231133,2.299363102992003,-2.985006177960301,3.861382594365784,-1.3619226295437385,-0.5160544691798868,1.798800043375363,4.462214642747629,4.042436902881635,0.7137437590638461,0
-0.760957489538872,-0.6451401341435626,0.8241195196011755,1.4506698421101631,1.285387430531686,0.260803128064244,-0.19420505000676624,-0.3057172206581459,0.01875348883784178,0.7584860478708273,0
-1.6219125065039104,-1.2505333996410914,2.607747481620046,-0.4613824285117879,1.0210190301429043,-0.6025765195381603,0.8024911597013611,-2.2634973040835473,-1.026135319599677,-2.406422876660524,1
-1.4270867721464284,-0.1414966601248514,0.09948260233927853,4.53365111794842,1.1547889785425267,-1.4101849255304708,0.2703079455750884,0.3612448215535552,-2.207611973235318,1.8872272968492427,1
-0.787010831338695,-5.436250825293782,2.5617533079690498,-2.8198226754307365,-0.01647004735824309,-3.881585349339871,1.8082668059708324,-4.864027201016936,-1.55162234399651,1.8185369997649448,0
1.846446218022623,-3.8640504414117993,1.9573820329350244,-4.162573919799961,1.2601263366264457,-1.7241131575801094,-1.1868720157227513,-3.3165872937110765,0.5046141997816245,0.09166409550672094,1
3.4008160924839324,4.072550348114473,-0.24074612013203023,-1.4502221349546154,-2.310853572946641,1.5129238074484384,1.2803610706928032,1.5025510787173457,0.06913819381500774,0.6848424383755014,0
-0.0774654691124328,0.33046757825452494,3.804887822678401,-2.076742394980407,2.108891756821391,1.5997527882374871,-0.3671948082116775,-2.7111448379388134,-2.4524856993564166,-2.047358313745705,0
-4.618624092762382,-5.50492410937654,0.9772485068573734,3.2215099063247292,-0.3093375111378034,-2.9806441542412094,-5.793199634014299,-3.2459473040996,-0.8512538211242628,1.058395210405839,0
-2.539044845677766,-4.597892458923508,1.00803829344287,-0.3293766506334328,-1.3089739709194432,-1.2062566843053097,-3.0631520025119316,-2.8899417280389827,1.6462204538639722,1.749625133667267,0
-1.194347915295279,-6.848006707337658,3.5688273549908107,-3.30881449179424,2.363716090965667,-1.791202406793532,0.7201806609619188,-5.291309411644098,0.6387582306664299,2.2847075003690778,1
-0.269412692438601,-2.2387682371300737,1.58128457471233,-1.136066407783661,-1.0713118869317555,-1.4730634331539734,-2.7221783494975553,-2.597617852388662,-0.3082010941774378,-0.1653500968333652,1
-0.5898377627810586,-1.9212919479356425,1.378647057700505,0.7490707036090596,2.0510167713913705,0.12453291924909848,-0.21961567539661286,-0.9726158153458483,0.9254262351785238,0.907452317984329,0
-1.4874058205849294,-2.286930746549408,2.652213064003078,2.3546748392479313,1.7674955544294555,-1.8922194068664426,0.6749961815199165,-2.197362768165887,-1.4092132120462575,0.8270047275169452,1
3.4584277513954698,-2.982439834358561,4.599482062996764,-4.689042325655883,-2.4508842357253773,-2.316725088659894,-2.0073410152639584,-5.335631380833251,0.2528800950939434,1.994891612402647,0
-2.778197038167699,-5.373433463992236,4.516570996248483,-0.9154382203181821,2.0160494613270483,-0.6461703848639201,-2.9691004169086117,-5.447843641644479,-0.996952965598483,1.04910757007231,0
-0.45833431919976153,-4.14280589107652,3.0146372755359168,-1.1636636365166648,-0.5958397594096623,-3.3878544495039664,1.1109237944458241,-4.326190161622519,-1.4030498625140437,2.3858811641928668,0
-0.22768798854589423,3.1080012885149277,-0.5774088819184005,3.8811244932526634,0.4657707327598828,0.7921631529732325,0.6100895429718405,2.3235043718463455,-1.1701662218240936,-0.07417412667969403,0
-0.22663755926634555,-1.5897274711524818,-0.2861636400151597,-2.2265187490943443,2.6232911569353035,1.0044217675404383,0.5067300907652559,-0.6984997480786702,-0.8661490581968057,0.9470684387738184,1
-0.27018172289043674,-1.3342082252092573,0.023065014372603,-0.46702237865930596,1.603815258635118,-1.5922875372380347,2.8861638128562466,-0.8100928014626251,-2.1894164369221167,0.8456249204234491,1
-0.13580004184915695,-0.3386955110416187,1.1716694875725988,0.08818578888702833,-0.12430329847134858,-1.6196148179761376,2.832365120102577,-1.2915716789452307,-2.324648743448015,1.0234055648051443,0
2.9863848799488575,0.4991823391914574,1.483123888350673,-2.928408153919378,-5.07956492277051,-1.8669691131670154,0.12851173630312762,-1.631786920976303,1.6029156687338817,0.025930239244919884,0
-1.7902373790436694,-7.363336086482768,3.539644349748924,-1.6492950333946552,1.7984184192876067,-3.047493739087322,-3.350819742206834,-5.414583399301701,0.9803986806194613,-0.07689499924285137,1
-2.147503032295924,-3.9858631141959076,1.2243863620987294,-0.5661731055995813,0.5183446964671042,-0.1958425683714924,0.682433256821102,-1.9737643872612234,2.668285176146296,1.579800089227233,1
-0.7672871370616046,1.077025589040887,0.015389640997427012,-2.8214234653633623,2.9311516214440845,2.0931914583025444,2.511041427230139,-0.5846483239894545,-4.711166027999769,-0.423089270052869,0
2.3893714328171454,1.7532180113767164,3.9487372033176324,0.6124559813138859,1.2256171420091666,0.5906383180982957,-0.03148024221565615,-1.9621711367883006,-3.48616009771868,2.4555180415574256,0
-1.543715066425447,-5.866432969131361,4.159295791604816,-2.462549227061089,3.860469525219174,0.21908718005235817,-0.9684324335747534,-4.893382812301203,0.4746958948052077,1.7958208466879322,0
-0.5365804626495612,-0.8132384348286689,-1.2780922870847207,-0.5436477634588346,-2.2465269729294874,-1.561831959510009,1.5281449941034384,-0.16489796710357935,-0.23828094477412554,1.435385248318451,0
-0.56030916353134,-1.741154817711288,1.5736427839682965,0.8513251776321786,1.2124850163819356,0.3212283115406145,-0.314504796957767,-0.9606300219203295,1.7082569138469557,1.1426284152071504,0
-0.7923209766758483,-1.0930109931333225,1.440442066274018,-4.341896975317291,-0.9400120959988192,0.7033172563976005,1.051639486341144,-2.752280977742155,-1.5914621827616842,-0.02269284238432867,0
-0.8462914621853368,-2.7200630739220357,1.2265453673057187,1.4502495528119304,0.11067274900001456,-2.1997543738436502,-2.370579298020027,-1.4866154960612872,1.2676839225030736,-0.8678862769930096,0
-0.7538975814746738,-4.708966065249259,1.348867747820887,-3.6500649893428454,-0.9831290160154794,-3.701174342532876,1.6256661078675536,-4.0712194479172,-1.2074985640434197,0.5195935711777123,0
-0.052164568156865654,-1.2806095444957681,1.5463700934042708,2.9650960153768033,2.6591589066153736,-2.1362570235972993,2.3372230043900872,-0.2355731754724603,0.17257020847602744,-0.2593240999881774,1
1.6835606451586465,2.9873475438966333,0.2861760716643088,0.2940852359150157,0.8796145775642137,1.2573373788652267,2.431593287546722,0.9622358177387582,-2.568411704349637,1.521944694534344,0
-0.6169451161149194,-3.7465828821570057,2.7079915001652646,-2.576069584831832,0.6650842022461504,-1.4911900659589348,0.28226655155721914,-3.7184311861991275,-0.13925002084059246,0.07721342998195446,1
-3.442741021995908,-8.76530011230365,4.152496630320042,-1.0714066452042401,2.1194801789393454,-1.3449381077620097,-3.0746419424628675,-6.166189941768395,1.7735969750190252,3.777867662356262,0
-0.829187642789728,-3.4950256923754854,2.2143648740410518,2.3283410786370595,2.297851683913995,-1.3877689258419694,-0.3182890368470124,-1.689383067711306,1.568591271722024,1.9021006857364138,0
-1.0022278554204165,-1.4342550537799679,2.4371638700863794,1.5590126643542725,2.138159711884642,-0.6349557987924191,1.193222051241042,-2.1271513268647704,-2.9515137971289493,2.797176037564948,1
-2.2933599564223672,4.475713739493424,1.7557823887516573,1.0739291375854527,1.7544111859887441,4.263382070182592,1.6912929631570626,0.3796012853533859,-4.578446747415492,-1.641702626645961,1
0.16263793489424327,-1.6348975435715223,-0.46966222638587696,-2.2344440479850807,3.4801200659772844,0.033931188142829694,-2.33794669445629,-0.9951688049292082,-2.6853871230610524,-1.1521254496724596,1
-2.563075310448305,-2.8024244733527643,0.40042411315638216,0.4965436551043596,0.21059375646946543,-3.018010974320547,-2.781838040037416,-2.0238369669533327,-1.7796150375473956,-3.577349012544791,1
-0.4768968862944204,-4.533034114760901,1.210916601119972,-3.0629092890373433,1.6674433230251486,-1.1807931471860371,-0.5639294665165805,-3.188201294670045,-0.3036260565029497,1.3986181745692112,1
-1.9271084761127517,-4.636714131001309,1.0241782209075432,-3.972881103712015,-1.427409420079936,-1.8946444627746506,1.5422774128659462,-3.8480420253735472,-0.2809453739523359,1.4502201870056093,1
0.09729744086898218,-6.135920955753775,0.6725198895995379,-3.255598889953558,-0.6549868047689762,-4.192162001978536,-2.8850573363322516,-3.7210951076406498,1.3657773899131562,-0.4588562007527699,1
-1.9545384925622518,-2.302504398457093,0.6999083143541618,5.750413439815685,-1.1112584176764726,-3.2532516734974113,-3.772306155976297,-0.36825825334497536,1.8608370577992557,-0.15032826298367774,0
0.8904443892708127,3.459096802299822,-1.7238467397773876,3.6689081158938253,1.7451826829010286,-0.8164106623688883,2.343695126575939,2.4628027496149953,-5.358753153905315,1.5713596467243898,1
-1.9818211694235568,-6.96510474158721,2.6256016751794045,-1.260045515810828,1.6683665855628473,-1.3347771602773475,-1.973628894100798,-4.241367088991897,2.5206498489098395,2.590893080307377,0
-0.4558071209751353,0.23040880454598872,-2.7294961887096827,0.8418210724336019,-1.1532484609841511,-1.8670778332834805,3.853559893763319,1.6584089813605465,-0.7041047763574162,1.2386884943517789,0
2.0999066608010555,2.989154987599064,0.15237749798954558,0.19196155976488716,-0.9219603763493753,0.5922573002910005,1.7206425473678992,0.9610515045520062,-1.3818178123141174,1.2540296737992174,0
2.0083394271463693,-2.442190232245751,2.9678464220555396,-0.692099643068111,-0.36296820903643257,-3.250871716779316,-0.21905558306043993,-3.4178210741927013,-1.7146382884201343,2.627208299576206,0
-2.11839001311492,-3.1580043564255593,2.901327023284163,1.3086765856975704,2.2729126601165106,0.22060486754583608,-1.8098842840165386,-2.669271467556327,0.027773754876756707,1.425530417710944,0
0.4200211936535583,-1.7785631538215412,1.6363288669618656,-2.296389014647992,1.5159077456505514,-0.6549337864814028,-0.8647703909674284,-2.1888000884624077,-1.0220859472408066,-1.2477288976728484,1
-0.8153817761343034,-0.3529976310080394,0.8551351185746441,-0.521826546469233,0.49064275382133693,-0.7267277710666071,-1.6509159136588119,-1.279548657983108,-2.086489394015505,-2.5788866179151464,1
0.9487770617375821,4.451026026912181,2.0172220506408807,-0.18289790723949628,0.6386980744703188,2.6965356906214675,-0.8696807784592803,0.12512841321696952,-3.2772252687933445,-2.623860237298948,1
-1.8011764405561521,-1.488157790944185,-1.5479584823676282,-1.7184386519958346,0.14866100956978778,-1.5034169733677263,3.9853952225837688,-0.4596208852277994,-2.097091112854137,0.0418328716680505,0
2.403542713960822,1.4307680784567576,1.5524984913698303,-0.5039086441685349,-3.1449123119849314,-1.8091266689730738,-0.37687470226276254,-1.1301504784305119,-1.0880989133381618,0.1528301760468409,0
-1.8512430105656348,-4.180304801343384,1.468817735070862,0.45865651626373727,2.5577074595350333,-0.48749661279274215,-0.9421820172519975,-2.275188232795051,0.3121075607910999,2.249736531556689,0
-2.661904931862165,-2.3321004835753683,2.3054074644689715,2.3097826311484106,1.5180448865513454,-0.31692452929772075,-2.033595371326884,-2.7947196584474843,-3.3939150869208365,3.226372276613115,1
-0.7309716841317544,-2.1598730538606548,2.1504254146699813,-1.863759672639851,1.7714049392487117,-0.340976628509176,-0.13394097639518532,-2.615108723029351,-1.2535925684028997,-0.8834181198044077,1
-1.8105953899261564,-0.6065648657718614,0.9742845316234171,2.994032168015512,1.4244037125296907,0.4617420799854519,-1.139980595829521,-0.30809535324584625,-0.5912524924034996,1.1768480526293301,0
0.2165447825928576,-1.5484656691665382,0.3077430565688809,-1.4785542668784526,-1.2701693794337194,-2.7797951507605863,2.537507658221556,-1.5635259297591515,-1.2093478495024006,0.4728671224242853,0
-2.439159391827752,-2.419356937619264,2.2389855875425324,-0.0936811533167281,3.0727837445706374,-1.478636785156987,-0.054559725535381576,-2.5974148882323584,-2.715664896462648,-3.4200832205241625,1
0.22420364104855284,1.7502878302115255,-1.3123577669143949,2.563183437364038,-1.034447553596723,0.2103767959142726,0.4365296704059154,2.2740662984590974,1.518182936556952,0.3232220555810048,1
1.7656907451532364,0.16824486043704948,-1.013883369432403,-1.2460790022096708,0.048575274722174155,-0.5690384432708632,2.0022573670692347,1.0289848630575518,1.5706158380720892,-0.3580236443108884,0
-1.8594436846936215,-1.4841684226436982,2.8271313806162675,3.363809654694978,1.062065537655041,-0.7411491789056226,0.26362990584093304,-1.8615918703753764,-1.0999116994070368,2.251168445075284,1
-1.2866457904103747,-3.2571133586874055,2.620294437418543,-0.5635144149424561,0.7150786988461337,-2.9221229227570626,-1.3773183301364018,-3.182807778698714,-0.4252661277983535,-3.5172719657678124,1
3.066914969714277,0.37757023599922923,2.2602622021789935,-2.6437380953977225,-2.693517799649703,-2.0679549177589944,-0.500127928590026,-2.3308742355799015,-1.1224592043807227,-0.33346793315795975,0
0.6734409880832959,-1.5607017812717514,1.0938346015537956,-3.540002096091195,0.05602241914479089,0.18111653745690903,-1.3530000077814153,-2.376818068185078,-1.2061142432310177,0.7560041447964068,1
1.911842823695712,-0.18774700732613522,3.373288841792008,0.7733163059524208,-0.3254771119811877,-0.8650400231624347,0.1689071715869226,-2.2751023017444845,-1.4066566528958935,3.635491300585251,0
0.11269840331370284,4.441301415128546,-1.1359803876502987,-0.08168965149182794,1.146960103452109,3.1961946099030083,-2.179070818181034,1.8002371346333987,-4.023263177595213,-2.1674380977253573,1
1.1930052429732585,-1.1734124236562629,0.4418901091010715,-2.4764272888446017,-2.9529338505385088,-1.039411371382309,-3.1449413754555904,-1.929790704368764,0.08424872581092235,0.994280036502017,1
2.6489954911121485,0.4589532692594331,3.536626173310755,1.266282090142105,0.12773048187693847,-2.097928928203765,0.10475264430539499,-2.2251388690212366,-2.9685356326761267,2.2360082258675202,0
-0.45442256606392206,-1.084173463457809,-0.6001553054010211,-2.783302749830734,1.8869765952641206,0.23326600265953967,2.4595919873362435,-0.8990522889420038,-2.7268248988657118,1.0008872499199273,0
-3.8954552067793724,-5.418556323415292,2.477655115102146,0.7269661569009227,-1.3580917862766022,-2.83077490643684,0.5340749712618035,-3.9538829120332553,1.045499133596658,1.5338039411076085,1
-0.8365191644530128,0.2572718720945786,-1.082133962884779,1.4519575311250716,-0.09604899115360332,-1.1744340842318417,1.5463321744861762,0.7264272857018099,-1.3613448700327966,0.17383266470010628,1
-0.7300773535272389,-1.1703655687363015,0.7225018036042328,-0.7721468269486256,-1.6876435012026307,-0.5960415492359448,-2.494980355196873,-1.7549272148230948,-0.6375510734326829,0.32435564225300184,1
-2.881502045353761,-4.6736788559372044,0.04035738108110554,4.927019325677405,1.4225299238636517,-2.3624644407779662,-3.1254174503766476,-0.717667432679638,2.101156653661224,2.3625134118227518,0
1.945055193711378,-0.32173012296160086,2.1939373693277737,0.0998045147260187,1.4701630941104413,-1.1577753054191198,0.794010063905925,-1.7591082413720431,-2.9423979094293875,2.7445816994006744,1
0.501289350145694,-2.1109690875416405,-0.10968921271574095,-4.379972438241678,-2.7076199786031143,-1.6757767230938203,1.503647654197262,-1.987202192898032,0.6774327640398794,0.25516530390813685,0
-1.9756864885105845,-3.791339249875175,-0.7101767059420112,-0.8263821745239786,3.156569142041766,-1.5318987859904096,-2.4751139250411103,-1.5497754583584193,-1.9839509961958504,-1.3240038067824438,1
0.7407945845650341,-0.7948442548796637,1.6926819814416805,-0.9273446736632507,-1.3119922934080344,-1.4632981547813855,0.7897516905503807,-2.0368310023370957,-1.2532479690200937,1.6131296244328195,1
-1.7844382502754441,-4.657851042068176,3.0663579552815596,-0.8906358883002252,4.5122903139974655,-0.3038691980154379,-1.3571227429017616,-3.7502174873821725,-1.411365988297755,0.6717859258582087,1
-2.8365170569610756,-5.005065347387158,5.121546600979578,1.0435632656387708,2.57014392861125,-1.377637461268606,-3.5534289617595824,-5.280287516025659,-1.4392212455995879,0.22174868816201354,0
-2.033374222786343,-3.7699994794525478,2.2041156397996673,1.739554718837339,1.31230830439178,-2.101829869826254,0.598238901985919,-2.4576590916684236,0.17387768425740968,1.36482603788886,1
3.475289053261796,3.003394775558931,2.387837487596494,-0.2791196695299941,-2.206731119027596,0.0423949544843214,-0.21105093246544682,-0.6367512053180507,-1.0558678258873375,0.9838617785271566,0
-0.27540974250090655,-0.8132565685391469,-0.2632623532053846,-1.0399679505417523,-1.330674073136689,-1.9008833983200022,1.8663251921072657,-0.9561810801121631,-1.508776859304421,0.4823402035304335,0
1.515350694354176,-0.2505151498844442,1.679030295684373,-2.9056605807695814,2.4322699476022205,0.80164887103288,-1.3544435069832195,-1.6894350532274918,-2.0214607047381152,-1.19799154780766,1
-1.0790081200461956,-1.6456230529210207,2.0487269019288212,3.5048730381317608,1.6211134433485728,-1.5649366341533868,1.498633266587268,-1.0136628998597819,-0.22858347991600936,1.8540097366660926,1
-1.1353420164317887,-0.07706152765546302,0.13756693964199385,0.8325087120211747,3.2394631291349425,0.9599877408438855,0.511681604362628,-0.08710274250972627,-2.8717394822515665,0.7119998803474575,0
-2.2281956635868614,-4.496074514848207,1.0717236232421554,-3.1576450193462726,0.5725124388001109,-0.31742435107037126,0.3068327014847049,-3.1421837601661284,0.5697715975541875,0.9808458158636166,1
-1.5806958119719545,-3.355561880230948,3.4516056892478995,3.5005993498040766,1.2588111018516501,-3.5758189078310405,3.0640135920202383,-2.6993747856955044,-0.5297648742446742,2.020621168891164,1
-1.264826257570906,-0.367358650290521,1.7909533113525828,-1.030464299571459,-0.40690979939629,-0.5830992921818622,-0.5768972413122264,-2.181243196581383,-2.475296989361408,-1.9185017112882161,1
-3.7375646478095232,-5.992357064684656,2.6154007606253336,0.2592026076507177,0.6482948211773102,-4.363913763358594,-0.7339068073216969,-4.347055346952422,-0.3463575258458096,-2.5660433003799272,1
-1.2121722289502295,-2.197297267866373,0.9486968220401373,-0.6507056575101111,1.5185890865426936,-0.45189412942475204,-2.026195713324807,-1.8734853751707676,-1.3081752337718258,-0.5137970165416098,1
0.6699659163073034,0.3992955809527881,1.3121771088715037,1.149490385370911,-1.1722678001518316,-2.2010837879813123,1.4484333592791916,-1.0385563401641484,-2.2260148417464283,1.0325231416826184,0
-0.670199336195618,-3.1679274922701115,1.3862215389167554,-3.4543877371293856,-0.13351518082468372,-1.8445984319818551,2.6116911865902326,-3.182460839762973,-1.3380810271831316,0.7521267831346488,0
-3.7063902464036875,-5.84824463091344,5.082678560000157,1.6034883371566973,1.0090568868334533,-2.5674810606311014,-0.05028640032242904,-5.950841431350771,-2.329074755528354,3.973216079514856,1
-2.8102783576184267,-5.504586322706808,2.8768434084300782,0.21645013127338875,1.628608121161732,-1.631741284201669,0.266434255673329,-3.9310937601143334,0.24700670249304113,2.4480869116815627,1
1.5237754379076842,0.9109804157064315,1.6570043290397725,0.6577197161020683,-1.426401427766383,-1.688431799186847,1.4197291979888216,-0.9623524579066827,-1.5954969757098207,1.1920815933449438,0
0.5930424289098584,-1.0014329870067966,0.7987853029642393,0.1514290273704446,2.775752920124871,0.6353878557395047,1.959233683763521,0.015384621683312658,1.0987571003478773,1.4346027373200634,0
-0.6511635846923894,-6.1104179365929605,1.7616106907467053,0.1074868954724626,1.423409555474489,-2.7684718483350816,-0.8909930056892985,-2.8038721537824234,3.263106384969329,1.9692888252183773,0
2.57943144213272,3.9060897393622795,-1.607918131305811,-1.1618140905391334,-4.453551122742781,1.0985452830847986,1.5559401094056209,2.2837630348470115,1.7966364925851857,0.6752133797743582,0
3.6230559297382587,3.7705221219326,2.137298839726547,-2.373716010396043,-1.3090070455337355,2.495147794908709,0.08765141628561479,-0.3483581769484251,-0.9886542237992095,0.9619677267693287,0
-2.044589661046936,-5.588476052196178,1.770856598121283,-1.2780659029861943,2.001677610815629,-3.265955031047943,2.559561324645134,-4.13256196197764,-2.813419385251543,3.029522990964937,1
-3.2456508238240804,-5.840652226233362,1.9397377267896272,1.9137938948819913,1.2860556354900776,-1.0844647832974645,-3.5617341228063424,-3.026310350378871,2.120485577141576,2.5516729413453696,0
2.6685791671786356,-0.2837511632584056,1.2018929045916957,-4.041984209965696,1.6080298352261706,0.44300321745535154,-1.8397799892291218,-1.691327007242226,-1.6951285624066532,-0.8102894647346428,1
-0.3693298944984831,-2.0168983752466847,2.150997604763117,0.77707841350993,3.0527696787336183,-0.14769310518484557,-0.2649390745355129,-1.4185879811204445,0.2658885102237021,0.09272823264044505,0
0.03673330847484069,0.16888691897391087,-0.10966791559512612,-1.2095169019748804,-0.5397640530733328,-0.17459700997223648,-2.6501588399821303,-0.7897221659138743,-1.915385602678068,-1.2111424644446316,1
-1.063274660908125,1.2676387768901263,-1.1611156376334948,2.919447135347598,1.004381702940027,0.7428943852126828,0.7519847717535109,1.6350643884788023,-1.4122578962908794,1.6483583411096812,0
-2.4477851393491457,-8.471447612439311,4.261600919608579,3.1177738437216806,0.7376352282385814,-4.642031223738066,-4.713322248015495,-4.943625248266629,4.175314046085287,1.3041896124473604,0
1.4458221481772695,0.4287820330754371,3.2870194590979533,-1.9186037885459997,-3.5476693446478347,-0.5315384980701455,-0.4046499427214758,-2.795196608152018,-0.16125079625414473,0.7010303677990315,0
-3.7479955684867994,-6.788032615139161,3.708898252486928,-0.31482912209446634,1.9817649772259687,-0.6798754432543636,-3.5822165771352408,-5.347234275306985,0.0283937363916269,2.5903320557283624,0
1.1932293522622819,0.7020197277373101,0.2301908805870858,-2.2258567059059073,-1.4423825284153733,0.367640799306429,-2.2866265501904772,-0.8741044692626139,-1.1759235842564375,-0.28428934874338097,1
-1.6489621200009936,-3.545575855639,0.7250719901096421,1.7485555403831397,1.283390075140936,-1.095751012992614,-1.5676461303149358,-1.2640068628409893,1.4811241467124154,1.6563692650400048,0
-1.073640079079562,-4.73820574825609,2.156692565873213,0.7621312214854428,1.5839853775750041,-1.4408521651273545,-0.8997112094532458,-2.50365184229909,2.383084180494366,2.102785365917283,0
1.6785344014118297,4.978907844712625,-2.383689130292722,2.047220362953987,2.165566162072795,0.8522407247518922,0.692119050886442,3.4726896488196664,-4.618140486101164,-1.4552738564333005,1
-4.119687336249681,-1.639310531028645,0.9799073983762318,1.6104165183974348,-0.3584712366271956,-2.448612534178448,-0.327280350977611,-1.7033847326873004,-1.9031478602576346,-4.4769744498393385,1
-0.9710361057295918,-0.34319077033679357,0.9607245892155898,3.1003101175043084,3.1836933135182193,0.10880793368526631,-1.3878764282134217,-0.45486119064640734,-3.238541257604081,1.855854466135481,1
-1.3148579191833076,-1.530461086939768,1.9943822544992198,3.0356926512203684,1.0372091434380568,-2.099267933142208,1.3489880201517488,-1.2180217962799513,-0.5814704850744941,0.3632225639703567,1
-2.755740337901889,-8.126842152822956,2.8785943085989856,1.7098727666632763,1.8113074264529656,-2.9151224247238394,-3.153931126712302,-4.261355254639531,3.1267767815271963,3.0737703589891865,0
0.5659766507778017,-2.6609877307265357,1.2119208436698266,-0.5049125467343183,2.1187964758102726,-0.868453004605978,1.2220920339159134,-1.145915175604453,1.5745319823537636,1.1163747087482536,0
2.2741593734314893,0.8757906953579773,2.013435084311185,-0.38509762692872185,-0.5778849642457449,-1.121962198777417,0.3685315410796961,-1.4002603445724213,-2.202305664816351,1.2708737893349888,0
-0.2516901383603114,-3.6111617832442087,1.0668102998682452,-1.4583665004174402,-1.1805481626309773,-2.9730201440330557,-2.7202591300613035,-2.7033331154006177,0.8066164071626678,-1.2186131482085283,1
0.7749939827791352,-4.655559660421362,1.010192609409875,0.7269138101262799,0.4966395227969068,-3.1527090617492894,-0.9476545285772922,-1.165930616650977,5.2776922943012545,0.04909034387108968,0
-2.0835062760110534,-4.7496841982838385,1.5695041026982823,1.0672243662278782,0.014562220399824577,-1.1805420430983933,-2.3958041138490285,-2.4442497094637146,2.7428751849578124,2.2404416164003003,1
-0.8766051411776512,-2.4786481227990516,-0.012435591686824177,-0.07889353870878257,1.0549885138023198,-0.7820136285306745,2.644359488575854,-1.1269829471247783,-0.978391419234119,4.266150067781013,1
-0.6573853962321095,-3.4484264298456324,-2.514644697802371,3.70042759789973,-1.3794521677927774,-3.732716069303917,-1.1686865464354024,1.3234198267259265,4.229543188220112,1.9352310693490624,0
-1.190374688528695,-0.2566827651564181,1.5843152342395155,1.920263224297608,0.8521289571987215,-1.178110939260662,0.9778460994788387,-1.416950298797569,-3.574110459541796,1.2316897000922689,1
-2.8143385407329573,-5.008453867357218,0.9989642560523394,-0.9134746140824934,1.5413792405792281,-3.736983512416204,-0.4675592579179718,-3.0463004290538644,-0.7973164074531762,-3.447740611018591,1
-0.20309521662783503,-6.257282777401755,2.9152356005026867,-4.0525133709747765,-0.004529492698051696,-2.6597155902554324,0.20060504269056034,-4.978031211648361,1.5342721439223836,1.5616113329223873,1
0.5769524397125276,-0.015960182172758432,-0.8060894920149051,-3.317655795510624,-2.3878545340059096,-0.4804000325600314,2.811464990277072,-0.33189108324044575,0.5004699229373908,-0.026237123790938233,0
-1.702747814547651,-5.982722318755368,3.187293852237059,-0.6595182489627553,4.341031706818858,-1.5856584438154917,1.0740260054703799,-4.4667381534700406,-2.0279414389513346,3.9650755535283286,1
-2.152221471091299,-1.1650364594738292,1.6561626393940128,-0.043558641846534796,-1.173011844267861,-0.617398164411806,0.04731326805135638,-2.2017479544118506,-1.4532081557303842,0.09382335694267963,1
3.0354022656252564,1.227491556184813,2.988324165172722,-0.0029766318833810423,-2.8992317514054484,-1.5047324166595861,-0.572126199751809,-1.7908386581451796,-0.548238150254391,1.5538928677041164,0
-2.152943941013338,-3.6549060848015795,1.1257254334851639,1.490427259472892,1.4044008639002856,-1.9908443557254416,1.260582730236168,-2.2281001909433122,-1.5791224190733841,3.3669539249938296,1
-0.7420765040431911,-3.360979970411771,-0.19064501441113246,-1.141204396640219,0.06355862206146923,-3.7198435897718616,-3.3295430202911662,-2.0268389808549148,-1.0322860352582515,-3.3812608261244197,1
-1.0355510732031994,-1.960391898264869,2.052789679226038,-0.45890148514542006,3.5474756089602435,0.7656058035131375,0.14779582176107464,-1.9864768114118023,-1.6798881330241244,0.8624633068686983,0
-0.40261615746668755,-0.23431258300463423,-1.1838391451561983,-0.41760783506535004,1.7301087784693125,0.6246596367271544,0.7896902255457462,0.2223180691369532,-2.4810005383363283,2.1566546081792572,1
0.9052550376739888,-0.7120840087176576,1.5013761139868282,-1.3205581708753342,0.3183368145392642,-0.8644754058664172,1.2718675892687685,-1.8330801134654096,-2.1077472124403025,1.735136692832329,0
-2.0551803690771693,0.5663937229638725,1.6327195222740716,3.4699743533838037,-0.18527884271053519,1.3361568500103387,-1.5346842824723206,-0.3104908398235194,-0.15025120880997056,1.3457718499510845,0
0.8572012510500515,-0.6458959034067178,3.6623167956667837,-2.3703782513268736,1.6176273378022916,0.24379658546725236,-0.07110516072562811,-2.9687109675824983,-1.669579359515815,-1.272620347965485,1
1.42186356098055,0.8783000689321314,-1.63870415360872,-1.3731211599088737,3.308196554507382,0.27659931722206776,2.1175415971139646,1.2221974270446336,-2.800452390406551,-0.14783916454248236,1
0.5507724968084937,-2.04413499519239,0.034733162271696205,-1.4161546038707085,3.5288854876221265,-0.4219321983628004,2.922234536391591,-0.5273866871470884,-0.5819476037796393,1.3194760543343287,1
0.767888803863479,-2.1612426642833578,0.6013470865731186,-2.9015557333941784,-1.9734586759793202,-1.7975494207223204,-2.2589814503511336,-2.285701801212715,0.2317966107400964,-0.3982317464095515,1
0.14054261169904247,-0.8835342890794989,0.613192482209789,-1.307274083307499,3.79224510243509,-0.03366342400796407,0.6518801597021054,-1.5777248864077495,-5.286385641601482,1.732948667267693,1
-0.5519540357013047,1.8907275255515972,0.7309249313315306,-0.5229359275292403,1.0456605465203253,1.578856049633414,-1.5053427346325403,-0.49319253012213143,-3.737970209479095,-1.541423034474858,1
0.6936898497659466,-0.20700707258743284,-0.3953893189510469,-3.490762182414173,-2.0217473256412664,-0.6924064450197832,1.4702025308656737,-0.9544358918799342,-0.5930943181879167,-0.292663026398269,0
3.201905626957319,4.040818834719254,0.21166768218171783,1.8496524498058273,-0.6184783200628509,-0.6148177616768188,1.6606672559955293,1.59692533638011,-2.3948686582405934,0.7451030327999196,0
0.7023585830401398,0.6124433795677496,-1.2626344771709295,-2.731295133864795,2.7599153292913217,1.3252642421208252,0.6766040275905204,0.32875621395852267,-3.076348893918643,-0.3080641128117927,1
-1.4478663523379445,-3.1610567549084188,2.501230067066248,-1.674904812397361,2.8968575120639137,-0.4996505854167149,-0.20404800944597656,-3.1627465333579,-1.6552198003158303,-0.8520993340972399,1
-0.619181443323813,-1.654710963579819,-0.4623536070931873,-1.059012299224277,0.9692610725632446,-0.3227976916622568,-2.9531020777474826,-1.0030015735073468,-1.3269968717674394,-0.3850974271869785,1
-2.202435941363662,-4.64859121334627,3.0316256530160697,0.9771691756233496,0.966320605646131,-2.090874133069627,1.4140050914170674,-3.299436237199529,1.1167971179510483,1.8743603129819402,1
-2.5700641932642148,-1.5391618462392886,2.2187612694315884,1.5789297069441284,-0.8515243369392109,-0.5613211571287585,-0.3543439552342478,-2.1326007348807425,-0.4661285130236298,0.6978849381534873,1
-2.8871084210998585,-5.847196085467795,0.7002340754562598,0.6849179086773157,1.2569530020952158,-1.7506417949530255,-2.6320245179851334,-2.783828040491063,0.8556178536007588,2.5278551533076428,0
0.7334784300894757,-2.06989030757396,0.40161573078919455,-3.452159510956352,-1.7345546301516446,-1.5466011650865745,1.8275112966276628,-1.9796894683745676,0.31020089320549316,1.267410739491389,0
4.053691032354819,1.6155236408797025,1.4846893760696582,-1.2765715480564883,-1.5833809682107132,0.8263815078285097,-0.5898412502390089,-0.43288331899106297,0.5664409719409789,3.5739889211436875,0
-1.6972274007180013,-5.604297988841195,1.288537186190867,1.7223414390139316,-0.7148808794183374,-3.1779907204217612,-2.784938366553903,-2.4945428181551175,3.421669299264437,1.6502792356207792,0
-1.8806867035697585,5.192527460240454,1.778188524329675,2.021875208490817,-2.8698271478422965,1.3299899951127478,-0.3442257250148544,0.19578764576889005,-3.6029335985770246,-4.44969344023535,1
-1.7848241245715035,-2.0549233221418954,-0.8614780726773541,-0.8887556455128203,-0.028674617997031193,-1.2609320075756432,-1.899033825958683,-1.1295764905232342,-1.4612042131162388,-1.0921619023245304,1
0.9156789713576358,-1.7152579202398606,1.3789657319897373,-0.7983995280757175,-1.7220613928446171,-2.6007905203357318,1.9720858493394495,-1.9650450778346635,-0.09062238548896895,2.0436536227895026,0
-1.938932173789252,-2.309644639003102,0.028558133960777887,2.4070917849113345,0.15404147141462876,-2.008828610500549,0.47976675773953814,-0.16557148854115702,1.846298187270614,-0.613269933545113,1
-4.598888827958817,-7.480064966022329,3.053847893120507,2.780177587854569,0.846715721620807,-2.103107576318278,-5.125495041431672,-4.65574338300213,1.466719281986765,3.1101317586925328,0
-2.700440377120665,-2.677327212024905,1.757769248639162,0.6654897694299089,1.8246564293114858,0.21325297070003635,-2.734219747855316,-2.441764723600929,-1.5560659315147916,0.44497912717908794,0
-2.8297302666557473,-5.276764045188947,1.1863861290613504,-0.46203946143899943,0.8654855262380395,-2.7068397003492812,-1.3938743577231127,-3.292690527050893,-0.3084616055651852,-0.21662550765250155,1
-2.05324729231056,-5.452564474594107,1.1041456434274377,3.5451963319736794,0.6919327874116598,-3.538421996370511,-3.3255358739123286,-1.920151516626994,2.6544092890939384,1.1192108058901347,0
-3.6027012278276622,0.7756185971259865,-0.7556654816915536,2.8695873941508685,-0.8515654708195328,-1.6758386473585036,-3.020384334953615,0.1513943050915084,-3.1562778268795335,-5.267005368852322,1
2.487804024674202,-1.0507390825971419,-0.0425624376966065,-1.4263781320674378,1.2895886692317946,-0.459287867321192,3.3418414442237747,0.6372108472121552,3.3716756685695737,0.970581185057872,0
0.14541991189333348,2.1319269239943055,-2.375692337570996,-0.05572214874374404,-0.19038884750741047,-1.156232934674924,1.661504784783792,1.681166154843083,-3.11801527223924,-2.274852317243404,1
-1.364697319833518,-2.335677296431391,-0.5265225417026469,4.601202765205535,-0.8432010894260948,-2.340891961173293,-2.6166652533293107,0.607761115996953,3.33579938741015,0.7291338495517719,0
-0.46455428048727865,-0.5447948471819615,-0.9802718009364286,1.9797582895098054,1.1491761287534479,-1.5522752760902883,1.5761263362444977,1.0187557124163573,0.0475344994335094,-0.31792340726751456,1
5.717740626477056,3.798657933490127,5.079514615957347,0.534671091801918,-2.1371204419110983,-0.30965063167690154,-2.3642745324169923,-1.896872491325069,-1.8450899465417583,1.6178041233755056,0
-2.2454229916115342,0.41927170380402645,1.0139651361255324,1.4339728298601597,0.43485281964137135,-1.540278499052545,-2.1497334504261083,-0.9986177925925105,-3.242520927105189,-5.303425792579726,1
-1.1345966441843576,-4.073677436202763,1.2819688409953924,-0.24750388662478162,0.7669392055450044,-1.7672422485012493,-1.5882115895156261,-2.3925979507752944,1.0228930719538343,0.6288729395878885,0
0.4677193007645287,-0.42786888195855904,0.33371312712279144,0.06153941967642784,1.087625859812653,-0.4873505091313256,2.2327375607085607,-0.5331726074519215,-1.8985649640724864,2.808132108733724,0
-1.5583932591342828,-12.251047136156837,1.4708551761087858,-3.364055462374684,0.8442776280074553,-6.590234679483099,-3.3446660204860663,-6.3340432130588065,3.3669566764248096,2.1736221386650083,1
-2.7793693555283308,-2.6697383285421505,1.0707328216843388,1.804778477279006,-0.10619431090575104,-1.9906411656660004,-0.2987031682112362,-1.983729996661649,-1.2816723084273542,0.8132276841724602,1
-2.781348184111483,-4.349239082077007,1.1404520712118111,-0.8776340006294359,1.2552848610798875,-1.4482640079983298,-0.5290033913320921,-2.8986360112224454,-0.6506503138287691,0.13424949146280296,1
0.08186571440450408,-3.365564923433535,1.1178198371942938,-0.30213422276030477,2.1704592573700467,-1.2215799955423012,0.30225435413702706,-1.4101727007650364,1.6464378764908671,0.8973276484021586,0
-3.821867929919696,-6.008169371882233,1.216407640809242,1.7105989369966434,1.4885206832183064,-1.3017428756516238,-3.430309759477198,-3.1000230447099457,0.5094537534634275,3.0482209701779324,0
0.05295774486347149,0.3712669521142611,1.0731111524187298,1.9412333075326154,2.920861583952104,0.09464338647752424,1.1785721447207795,-0.23616856542638665,-3.025424765596222,1.8420161978200107,1
1.1040528367309246,-3.6436222500900763,1.3057081713199683,-3.231821150979332,1.5579993888181334,-1.0450896202958635,-2.463989442550613,-2.8709806444434633,-0.15407662190639893,0.803736993578936,1
1.0760583556402075,-1.2088302949203076,4.765096088621647,-0.25982915121958583,-0.5973739851276577,-2.2168553437516274,0.8746689106611041,-4.014018542745184,-2.3260975550043534,1.5496815229229184,0
-1.7757333154253676,-4.2171011468755015,2.7871144604278264,-0.22859585926254633,2.205533498389821,-0.9541144533105209,-2.0348467217160646,-3.469013363881989,-0.3670408515836696,0.4853878603791312,0
4.877198095373279,4.292229682707495,3.3818052794965565,-0.3066414008547751,-1.77564793707196,-0.2875597121569279,-0.9204479574768738,-0.8714349880963098,-2.5142657736992238,-0.39701754081337337,0
-2.6763672085541956,-5.784869423859215,0.7792575207048882,-1.6653012558883313,-0.2226185402716847,-3.0451858999147143,-0.5235645519460963,-3.4964784546112755,0.4180855832399286,0.24734356476236852,1
-2.797928402694529,-4.54454051502948,4.126317455204142,1.1203175756437795,1.9061713776945026,-1.5261779078114137,0.35763033792776455,-4.758605346727963,-2.7527416845788384,3.875023801999813,1
0.13044730137075655,4.940218892185069,0.21655408953987554,0.6465308422017526,1.025761851390438,2.6930722546945525,2.132160858260212,1.401194548362101,-4.642618270212753,-0.6954659728269406,0
-1.5806710923973064,-1.6469171976133727,2.7967880873001896,0.19655635644467084,1.6669403227945647,0.8570180992719572,-1.2382158681591722,-2.425564614617978,-0.9242502150343552,0.5789020671683917,0
-1.2813971927440162,-1.6224925152036058,-0.338716006050076,-0.29376608367331736,-0.42418145615153535,-1.1875101956447451,2.2087030866822728,-0.36752358879886904,1.001147287680766,-0.2287327912991537,1
-1.4399345686617246,1.048326954932025,-1.011127442989214,3.095279912220202,-1.2588525864582858,-1.475519151649928,0.5390006939796678,1.1895996987539272,-0.8957074638292339,-1.044769554862791,1
-1.3027713008397934,-2.9359261882983425,2.256621571516445,-1.1585715973741386,-1.8912358563819465,-2.374511097333232,-1.0324552009893513,-3.321091748955018,0.11013085276308954,-0.9316001642482807,1
-1.0047736148369095,-0.06338162954565578,1.5822182114352379,2.003769706586979,1.0566853227369375,-0.5962239998487616,0.8610327948086052,-1.4424349998032484,-4.18597441045083,2.795917618345136,1
-0.36948741080389014,1.225956966010281,0.5274683144819037,-0.9202200619433799,1.498948364218187,2.356783576216028,2.235680718803252,-0.21230505019221527,-2.5294366691436645,2.1321799556803103,0
0.8449524825440814,-0.7114188594817185,0.4285151403113808,-1.653018710236026,-0.402382340929787,0.3080478788259906,1.2211177600838954,-0.9697904435284608,-0.2489449630828675,3.087270717577561,0
1.3211323278638307,2.494457252958186,-0.48677363869111323,-1.677413525010281,-0.6224312460956223,1.757205892823915,1.470849027051741,0.7616143074306482,-1.3570243481199278,0.892738849262354,0
-2.07600216214282,-3.5392130398140056,2.833905343328941,0.48811851722874233,0.8484464703175205,-1.3068360102971672,1.1594825145186647,-3.0972578850244843,-0.06630816149529606,1.6746255747369565,1
-0.9216660093388656,-5.12891150630741,-0.14391353024985576,-0.9582391843155247,-0.34972368499409634,-3.073186138874125,-1.6752150486283162,-2.137043656976474,1.9644994959361872,0.7766953199028194,0
0.1402558568697705,-0.5477841003295406,0.8210753014805259,1.8188758285649351,3.6271767037577813,-0.6698268566479635,1.1853362800432896,-0.37561817353870736,-2.9971440273015446,1.6895977984159585,1
-0.41824428647494094,-4.221042979478127,1.9339203612414677,-0.7264664815021316,2.3814661345960864,-0.8180571627245632,-0.18958281617352557,-2.3197282379820217,1.893451954785808,1.355024110871317,0
0.49280743064695964,3.6623652623786076,0.07628429182532348,-1.31324826985365,-0.5375840412897883,2.878573083867505,1.1570550157923731,0.9852859954308444,-1.441923949008708,-1.0290764057762247,0
-0.44366843974397163,-5.388089128067437,-1.0297487342764218,-2.9325205847872957,3.2900013715275023,-2.764346318618565,-2.7628158982621116,-2.102252253495842,-0.7821613269957128,-1.5846183553977369,1
-0.8514998582577018,-5.478251059880763,2.0537976518129577,-3.5056178177224036,2.064980928979256,-0.9425754189915593,0.7599127340365079,-3.9200906468695047,0.374574478728513,2.3027753209477755,1
-2.6175994477975415,-1.5893511754194982,0.12383809710763227,2.335977287315594,-1.3495955577197962,-2.3988626251244005,0.8180769400554786,-1.1803869766561612,-1.976244324254122,1.506956000783734,1
-2.043518050330783,-1.757963389199561,-0.015482403797394184,2.442454446679532,1.129496340695339,-1.2112232718515417,-0.28652759394540794,-0.8377110537605652,-2.426843869087736,2.5136592450259276,1
-0.7238594934204681,-3.261220102623801,0.4329372111551628,-1.2772892466510501,-0.2621834740097648,-2.69925152965673,-3.2748477306004498,-2.3976357770033516,-0.7735088467485529,-1.62832713619516,1
-0.19590088953588314,-4.9580662663664805,3.5675759047642197,-2.761480347098595,2.3971845992952567,-2.0219927016331836,-1.3099407047299751,-4.482295331929306,0.034031055458378257,-1.1528052412401621,0
0.5494655600406161,-2.6662158323651353,-0.2429930791076944,-0.7975969151458218,-4.11307026567312,-5.148216995863365,1.5282280465149727,-1.6957253582901313,0.7639858028106539,0.6635895518608782,0
-1.6244354232468912,-2.1873891985992144,3.2568480306652106,2.0630442689520097,1.465324593478117,-0.7814790506212304,0.6366541004015275,-2.580098821847107,-1.1072702858711478,2.1698843083926045,1
-4.216126959480987,-4.139617940364881,1.1525947806476406,1.0345865108977026,1.4819128562240103,-2.9378302112011454,-0.08248989380227378,-2.480725640459025,-0.9993824578816873,-3.3008143294725754,0
-1.3695996586430017,1.3717755750251022,-0.5973263696164242,0.1526779379416041,1.7315839995240503,1.011058312419802,-1.6880826415957064,0.34103654744426226,-3.5132466022474818,-2.6660813965911583,1
0.21618603713497908,-3.0877265623220995,0.8186480158177515,1.0832989926123566,0.15082302626395583,-3.2625256017862867,-0.6058487762396627,-1.2328588974240904,1.6828788127187364,-0.15252466433629608,0
-1.9842133082685955,-6.619254848484131,-0.5635208636138831,-2.2142466339538602,3.3762606044103336,-2.286528643277707,-1.7402345603917055,-2.735567972733368,-0.382107342409424,0.738017302741456,1
-2.515065509265724,-2.646154949103354,1.8959047740006736,2.6256250915964214,0.34159380169555076,-1.7496933509789816,0.7913170190506662,-2.5250877733438486,-2.650715772865997,4.085385915551403,1
2.00048048737633,-0.36174979858893896,-2.89321030386645,5.658573868486399,-0.6887039166259075,-4.453658990119002,1.5729192958388813,3.820869185380062,4.494332022526589,0.4803788658177752,0
-2.046369532618538,0.8810582467136592,-2.9079829112415494,3.4125893244314547,-0.3874889424287291,1.7683351046299542,0.35878825245535273,2.7264445884176314,0.6340856758976839,3.8500350300580735,0
2.991555054448818,1.57998234939403,0.5776898046609626,0.44651669493951296,2.263991284541155,0.12504475765281708,4.259931183717277,1.626858439627801,1.4751043814956648,0.07558312953346746,0
-0.531195466859404,-1.3649279360029551,0.8653250551013674,0.39581635820174677,0.13959887009046223,-1.4664739538405103,2.853212416105176,-0.4901089352431523,1.6194788133322537,-0.7099382610007356,1
3.943019995189225,2.6704992387471447,0.35320426353262413,-0.5441454431014662,-2.407817393027534,-0.10263934753050163,0.452626534646991,0.7118467846522052,0.32438932815012844,1.996026653425142,0
0.58155804212576,1.8749082413256988,0.21680014142493775,2.261201030454732,1.6521771031900827,-0.3919930052930022,1.819567958941441,0.8619590672697149,-2.973949639006623,0.5579609421624754,1
-3.0531546943071515,-4.375225456046087,4.23467972049778,1.8299895201666572,1.4551318309443333,-1.0379840414174653,-1.0250883904462402,-4.437240247312793,-1.3916723024387059,3.2598451451021093,1
-0.9790313302461368,-3.8550937791059696,3.1360738340702414,-1.8747069943915422,0.19847791131305326,-1.9693400027671255,-0.5637222761341408,-3.97817669525371,0.045052117026567196,-0.6952743428965947,1
-2.268440807112863,-1.5948156012157213,0.31879800263480806,-1.7018763552809366,-0.45920531442079315,-2.240664436363985,2.803583926633187,-2.10720776144425,-3.392939262651054,-1.4550277537522247,0
3.072062779089858,1.8413641391912956,3.123234253331484,0.1491746570514434,-1.8444840597496466,-0.8922618783205543,0.35638175241521,-1.477270608524164,-1.2124754743147759,1.5062686867857065,0
-3.8098332260287036,-2.5406695099361927,1.1360173558309747,3.030010724968217,0.45076005109644357,0.263861000518379,-3.9388355625479408,-1.676512029547074,-0.46494290000000693,1.5129874243734365,0
2.6271619638142756,1.931016347591066,1.2910943807009476,-0.8152232834145827,-3.5658663896775504,-1.1315346018005341,-0.16602978360303444,-0.6883449298169563,-0.34095556275865446,0.3064465868789409,0
-1.7074650253397334,1.2494324436135749,0.7520299163239723,0.8059241620445763,-0.9758041624230909,0.7226585199306848,-1.183614750485581,-0.5288636666216245,-1.9712394907709452,-1.2358897033876386,1
-4.051765497681915,-4.565966930287418,3.609286450925187,1.7279569664165164,2.4615726687032313,-0.09873115256909348,-3.622601507127068,-4.287064926622884,-1.930980950087821,1.9325773363670722,0
-2.638444007725287,-3.630586122899671,-0.45802720174832423,-2.7011730432769765,1.337450451477393,-1.6015990260482345,4.554351361822353,-2.065168969949809,-2.1105824529516806,0.9101706684341966,0
2.373064251435488,-0.5517539019136836,1.0197556836681487,-2.26431137544124,-0.3227410405689459,0.5902055066273453,1.1043555714436013,-1.0901707901113737,0.568656576308203,3.9037457296935596,0
-0.5750063083993084,-2.9689649744417697,2.1235596899102607,-0.3623477719135384,-0.21351434641714784,-2.8753857407398264,1.9396017614583392,-3.0778337547408374,-1.7182031205322335,2.118340020959421,0
-1.4702552888918592,-1.2223012451508541,-0.6918130149063308,2.8894527693490533,-0.18735286074406732,-0.6126156189078817,-1.4034341310976999,0.559449207332447,1.3663013138879188,1.282494391534885,0
0.8508877326910436,3.018068907538875,-0.11720150856278644,-0.2484977401818692,-0.9687299783139747,2.0040936650091545,0.29594478280267467,0.7972350549971234,-1.7844940787115273,1.229258958489708,0
-1.6466281178634794,-3.678503239249528,3.3110316640526385,2.475405405342821,2.969510819025361,-0.6674313441006179,0.45192544070562435,-2.81737137016383,-0.5456413766310629,4.143679222065938,1
2.2525952183517957,-0.9679606120122465,2.281418542441049,-2.813100700499837,-2.868244635242471,-2.7864566222880267,-1.0702693032335813,-3.092088054456884,-1.1414414555935966,-0.26993595682422145,0
-1.2441002189251869,-1.958118209714233,1.2463039267830773,0.8027520872694028,0.2630568068298369,-1.0435241744576933,-1.7593855466093333,-1.6059383358504167,-0.16633293781685587,-0.14203427496591736,0
-2.449476127125849,-8.192086986705059,1.6019607071728676,1.8558729851427032,-0.32637380947913197,-4.272756796475207,-3.623126775945247,-3.6318291108968914,4.270582888359408,2.6670263078768848,0
4.448873929748039,2.5122815657679465,2.8507717731825766,-3.8228894522457084,-5.90578692217267,-0.3620074934351153,-2.875910645833425,-2.114931839121778,0.8828772378857332,-0.9712076603068664,0
-1.8471013801572411,-6.884339753238791,0.4036704453055503,3.953536603767942,-0.722238082887815,-5.91166225225318,-3.8002408100621157,-2.0860276796441766,3.719812926601538,1.0810946554890637,0
-0.4760789777563815,-5.478294378251515,3.0679654205010847,-3.3516062434570744,6.178228707376927,-0.30682053102497997,0.6675116579855156,-4.034866399426949,-1.098555403212515,0.5612307990592391,1
-0.06939171230263419,-4.57156453290663,1.4401630576215743,1.407728230320799,2.2521234612834813,-2.915456374247799,-0.47445753435945603,-1.6580729379293326,2.3760190760385003,0.8021870819274142,1
-0.28884768983480413,2.8538774493743917,-1.8872354251926662,3.2359869926846363,-0.9063136252044066,-1.4229121532663376,1.619678461984841,2.3742093422281494,-2.3604181754891687,-1.1724008630191214,1
-1.4686388434389162,2.267264316558525,0.1406004568544088,2.681238242280572,0.18958739910994882,2.0535758968743805,-0.7596500776205519,1.0629183956238764,-1.2697150123985594,0.366980633200506,0
0.46963733488062065,-2.7314853298135744,0.3468012841607687,-0.15804940774946896,2.886079720632466,-1.8645825377004623,0.7582044992304431,-0.8045936478109135,0.1895965194295699,-0.0027342494925670646,0
-2.9124218018233403,-2.942410458620587,1.112127613116639,-0.9676604003860618,0.2977840036618764,0.26805097231688,-0.9121822735055629,-3.2201373087916627,-3.4641159314501193,3.9583351674247567,1
0.18702240239832513,3.5862953619748796,-0.7243756374563819,1.3938853356118848,1.4959593220864227,2.284043868705351,3.2488170505933347,2.0131389497869763,-3.0172873104773466,1.705498817414019,0
-0.6699834211004533,-0.613733315617703,1.8399794087738237,-1.0640591771402323,1.5805686826847969,0.5364085403339895,-0.6352591549061752,-1.8162065810814219,-1.9734768263736844,-0.8723982733988078,1
0.3839696296967743,3.277421982203687,2.062968151115266,-0.7256062124090132,-0.366585207164819,1.3536123328010066,-0.4573808047371398,-0.6058097043966437,-2.8010914555740456,-3.356546118942492,1
-0.6126048817271107,1.1806557381000538,-0.859530557189079,4.384021494338765,-0.6466955887398371,0.9162837594065756,-0.019512586002720766,2.425393988820958,2.8838513314678584,1.9113463423007504,0
-3.156448879812186,-8.15523525233073,4.780103391661772,-2.4451747791134304,3.316400586414609,-1.4823858789407254,-3.6945225159166055,-6.894635753973201,-0.7028191697265558,1.0929426204410457,0
-0.4019649521853048,0.98424099302306,-0.16195999875951705,-0.8090604907240948,-1.8892717468021407,-0.3327268293478055,-2.4274632606055544,-0.6113259268905801,-2.080446415361937,-1.8693726303701514,1
-1.6009211248992117,-10.735124604563653,1.65262833715392,-3.892253577642405,1.3471982956266295,-5.934240803586777,-1.858663965624833,-6.0542761782277426,1.8182990674042416,0.8039011255252648,1
-2.424705017313432,-5.129972959209581,3.0064945294371306,1.4040194449677215,1.5563793475493894,-2.6592837401392746,1.2822831912939603,-3.5953651496526153,0.035752742654516334,2.384054285174088,1
-0.9925856293163526,-0.9252765293417208,1.7629266585431675,-0.290560309005076,1.33668700994675,-0.7529135985489903,-1.4510542064664067,-1.8510711074123323,-2.019182996652553,-2.5555558516361048,0
-0.4616619225096178,-1.362488709438552,0.07825294406972039,-1.2412231389108246,2.2310609739140457,1.19332697975965,0.9304169021554187,-0.5055794315234104,-0.11321911255581418,1.4863009559711373,1
5.176376914662765,5.260625034836637,0.5755515678287503,-4.100860598342273,-3.16628288027049,3.0349056189341033,-0.6786205809818513,0.9553487147882913,0.41293328619627623,-0.23302995918846459,0
-0.3179629252189784,-6.563720108594668,1.808922686809162,-4.1387992392509165,2.019998152488042,-1.2854088946006779,0.6417956737519408,-4.078401289108332,1.6279725966043552,3.1568008274726136,1
-2.457451308010514,-1.3970408024391323,0.9040186752014927,3.52554006631277,2.564137323810315,0.6849711191590004,-0.9182904508212755,-0.4445317019326344,-1.0102853522318889,2.450031412441221,0
-0.7219167796318382,-3.433254271200528,0.577272928072001,-2.5374667941319187,1.1076732789887016,-0.8990390009318611,-1.467581592393403,-2.5520021281452303,-1.0359559645420708,0.6848261112266074,1
1.7087271872797545,0.4583426632529247,2.511677577669981,-0.5482267816701933,-0.518102712574203,0.5598845677304976,1.1780229206070767,-1.5072561781988818,-0.5199309126430353,3.2341592039206857,0
-0.4848871009971524,-0.39999858119338283,-0.39999633624475583,-0.5115154832677067,2.0806035081806944,0.013632001319397569,0.4498179483785366,-0.5574117862993769,-3.625655520162751,1.218633139485604,0
2.448578862261879,1.1934619542224811,0.12110580437872454,-3.063798374216492,-4.53582849175608,-1.1457382178044773,-0.722348557083923,-0.7735126551594611,0.4909264383162404,-0.7322822367121029,0
0.8377895940118727,1.61163747280673,-0.7253853865905115,3.212981495407255,0.41177316130316943,-0.6262322278166573,1.46149990903744,2.159212026210649,0.7216443779204141,0.22209825967744412,0
0.5999207623254785,-4.344854567033452,1.58976651154559,-3.2607354923235716,1.9881147247633768,-2.1882989078243704,-1.280603199859123,-3.20115786291352,-0.08550714503742385,-0.8803485360436236,0
0.03652081116284589,-4.32446548203344,-0.48557962707082036,-2.192875353002446,3.588797773354668,-2.727367308667798,-3.0954016440071026,-1.8914060760978533,-1.461489984225085,-2.4367340291951107,1
-1.5780945011523395,-4.866391836522722,3.3935518323471614,-2.7430823157521216,1.614303679056863,-2.1240551049474337,1.1945926783972403,-5.250857319901662,-3.1696139602395506,1.931070044699219,0
0.8503148382906747,-1.2919791256415096,2.2564767291230563,0.6714577267214934,-0.7475350056981053,-4.158581947130329,0.6176481269880674,-2.654987345806202,-3.2869295334903974,0.424260909996524,0
0.35864467220597784,-1.2066544387971077,2.4667772666160275,-4.322683701722287,-0.10180252704865866,1.4045572458368578,1.0032467798449076,-3.0517963573748674,-0.9260503465421461,1.6805601615220191,0
-4.522532370911841,-7.465577428003343,0.7197884735921165,-1.201294599152257,4.265211705348058,-2.8139083794122133,4.233231148189905,-4.127993520201308,-3.4797636715691604,3.855469557450996,0
3.7752881976290844,2.9268038089700363,-0.33501374026259945,-1.3818728061274805,-3.4308952946588933,-1.2658713984522874,1.0404524382019584,0.8596812404174847,0.024424290411781735,-0.4287128358350112,0
-1.9963356227747795,2.335577275339103,-1.2163301762245158,3.932243686760901,0.08813559804456372,1.4742447058270332,-0.19910449406678565,1.8775265649024095,-2.2090393129418198,1.6924595386869765,0
-0.8695347018779421,-3.8329766493041015,0.28114228601235125,-1.5831227200227787,0.2531607683013448,-2.5936523133542506,-2.73355652776752,-2.4779085364972486,-0.6222131262676377,-1.0230925351990412,1
-2.596335429817186,-3.026630424941086,3.478469233014481,0.8178636598899696,1.1289224136090832,-0.3210191998362708,-1.0169074790436519,-3.7818102875421657,-2.1018601240880095,2.3210143625220487,1
-1.4851012941548007,-6.0833239274319055,3.201905079291552,-0.7703465343005016,0.8966157593915776,-2.3454925038650467,-2.879547702806096,-4.348025332927406,2.0211667110258578,0.36506419662501277,0
-0.05652042097997967,-4.516346436188007,1.2103910251711554,-2.930881635472801,2.1589134088703097,-1.4085420658808023,-1.224167978644508,-3.0673479538269186,-0.3116693289834195,0.7791008474338372,1
-1.4142654859187922,-1.0897104957643167,-1.2851990457435758,0.056189947822347985,1.4014585831513646,-1.1163213488526398,-3.2351452696942973,-0.19893391110364447,-2.2127041378829215,-2.9078618029215786,1
-3.1707002984975095,-1.6130927051334336,0.10971135836416068,1.1679766208570437,-0.156895160204078,-1.6784026343722562,-1.8077688540929695,-1.2304372723555996,-1.7067767778705454,-2.7460654973169376,1
3.236132102679237,0.8726163053898318,2.474361824499341,-3.4311398420913646,-6.229773921469019,-2.071359442006279,-1.4053238378286939,-2.5218782395119113,1.185774241532753,-1.0645843331788527,0
-0.6894598563816499,-3.6380234659626858,1.1822084447150256,-2.0183816801012755,3.935433971604997,-1.220529487128395,-1.3173870678448705,-2.5076507722239607,-1.7885343564741125,-1.6187184977975835,0
-2.460257901725802,-8.558270109006445,1.3085134647453478,4.477675651361995,2.092036999941753,-5.60779662438757,-3.446856099955588,-2.8714045655851415,3.3099086808998583,2.4223414761501307,0
-1.6844190763876778,-1.5246668874920697,1.4748925588272745,0.49221906259691073,1.3450920412705722,-2.3384945898053022,3.195818065838324,-2.148739781689917,-4.153276910321255,0.4801063531513119,0
1.144400525540138,3.582291362232685,0.6018959995835986,1.7455109598525171,0.552235929297926,1.1286255117735193,2.714918863147097,1.191841474339598,-2.8226037959696564,1.442113922007275,0
0.22579891221628556,-1.9468504053400455,1.9913748600197452,-0.4047633043219021,1.033201433017426,-1.4658191346354978,-0.07480001848182605,-1.9239765495262349,-0.013756554195488713,-0.5444212132283228,0
-0.13672443784149313,1.6253250184720542,1.623410137811609,5.264437186928069,1.8206079512551856,-0.7902873271483566,1.168934258996261,0.6101190167389171,-2.354930824114813,1.2618641532295667,1
-4.836681168909101,-4.168801299536014,0.3091235981068148,1.2042002825605278,1.48892712153409,-1.6460932088090903,-1.0710225169170087,-2.269939612042272,-1.7641214235931515,-0.6828820053129768,1
-0.4362209481565683,-2.645885268158691,1.9339045347598889,-0.5309748958164597,2.8377260082780444,-0.4727322885201518,0.10578879461493695,-2.0437143075093234,-0.48520877201289836,0.4768789032000841,0
-0.7512795567915058,-3.2884428335399885,1.7455902347861796,-2.1129645002917288,1.896701581988436,-1.7852096010756386,0.294937890367295,-2.7185722396875036,-0.6361117420313438,-1.954893038441489,1
-2.0162569327405384,-3.7739355647089603,2.3160460703364047,4.466857306661302,2.899709922168735,-2.827948737684217,-2.213530541303183,-2.0359463320165063,-0.6807411030109005,0.6951318475903214,0
-2.1062148323334178,-4.932989419202058,1.177525780097207,-0.5631001177003933,2.240454455601376,-3.8042076862496437,4.456559688115888,-3.1936479458673572,-2.8247949176571328,2.1190373092469974,0
-2.660864620674891,-1.3923133467219235,3.388497978151724,-0.2230512659357089,2.4841495911876996,2.5003982917741645,-0.4395698439689042,-3.1445252267391512,-3.012224610703438,2.521604124284816,0
-0.686475546860198,-3.458830010202875,0.14813841405827155,1.7205255942830622,2.0372947380047486,-1.9318063527246836,-0.08614784079148596,-0.6754176042689742,1.2438664910895505,1.7001768820197372,0
-0.9004646156724898,-3.2199629584262746,-0.1843391791047324,-1.6015113587323127,1.7835786202608586,-1.234398977696649,-2.0722197065653507,-1.740523465529345,-1.1251006771815124,-0.44818712130877447,1
2.9113921733896557,2.878181958155048,-0.23143204950047824,-1.0749509178585421,-3.928954959086612,-0.5291646143365057,1.2998571656517897,0.8691950582469324,0.7092142786315008,0.2041381232966034,0
-0.8763691434979346,-2.5281848104092384,1.68982507442904,2.183735075059917,3.0352600145123194,-0.7292030559651753,0.20409566201794704,-1.0292552273937248,0.6315017593412389,1.2186451934716438,0
-2.1291495323195897,-5.003217397461111,3.0734115206857817,0.021503333389923718,2.752168357325355,-0.9393987701478927,0.1792463686056649,-3.8643964833056836,-0.720858104004146,3.1445703508617573,1
-0.8290171302247875,-4.957392246546935,2.544112936687127,0.7559645785944631,0.06853352800882151,-4.175042756008163,0.5545995417843461,-4.054411722258693,-1.701999051975692,4.019129109874801,1
-2.5713788946279283,-7.358684399482871,2.9696614367059952,-1.5164840899595435,2.840055399140676,-3.9516472146299897,-0.155040286706712,-4.958743605865642,-0.051493051078166596,-1.3376566728952826,1
0.3578942189485059,-6.685126640399498,0.4307661362228238,1.5375103338830225,0.03361835304293548,-5.406134655473049,-1.5123648303269632,-1.6312448725695325,5.645466961694466,0.6976870004555374,0
-0.8363030581928504,-2.658189781600082,-1.2233643710426552,-1.9480773193157306,1.6921053902223329,-0.4919594273618513,-2.1511428760556264,-1.0644399184622284,-1.5078635977771808,0.30439400605336875,1
2.0616231583960416,1.0838947853972343,0.793770325946173,-0.7952198828409578,-0.1404033366004731,0.519460827254701,0.7243619507037111,-0.34543973821337715,-1.1871485341039767,2.516516083939354,0
-0.044134017455313534,-1.4161144580153242,2.722736236292469,4.544001857852468,4.312110713450758,-2.284552388851998,2.303303974675072,-1.2381874889077644,-3.185809509408973,2.9375323367436152,1
-1.8443403210500837,-4.167442901747024,1.3618004289118866,-0.4149073610919287,1.7362992301994473,-1.2520909931448139,-1.416232523523869,-2.800001898375219,-0.7348716126276558,1.2614117874240998,0
0.2619196737769328,1.1742169272031013,-0.8298069178988305,-1.92490374882216,1.5110044745689521,0.8495564879014921,3.189253838255169,0.37665691490821607,-2.9649209459416133,0.2787745413897227,0
-0.8942207888216296,-7.844945662219341,2.5837478600806847,-3.329978008640345,2.556120615679003,-3.011435988871045,-0.5404559596500472,-5.012661159066301,1.244956564014563,1.4034868169300025,1
1.3235560578761514,-0.20708762467928676,2.783743161818703,1.5897416115955674,-0.4314515602609399,-2.360314058854928,0.42865546148868483,-2.064450197081222,-2.5281442863447747,2.1709174786337138,0
-4.9225530664611865,-7.433327331145169,5.345760683418351,0.8820308181836511,2.7217031373611515,-1.0294170995762157,-5.322020669115223,-6.736931964422825,-1.4484581538681913,1.9409329247238434,0
-3.874847103026733,-6.7480256621089145,1.6857566419265284,4.363183067488936,1.2477665192489984,-2.3323546252267917,-4.4542346395843735,-2.7106327135988972,2.8762733209281404,3.1185692064102835,0
-1.9203848767555827,-7.95524384449779,2.1734171369654907,-0.9760999233490193,1.433238768342485,-3.0857464446950527,-2.306797821547991,-4.4603304372293255,2.33423712044645,2.225762763291516,0
0.3770719276776382,0.9840952347738727,2.485849578363375,3.22215655280052,3.138347270433165,-0.062307838054017184,1.3388893827116084,-0.9632997210129046,-4.911072102688665,3.4981821621309113,0
2.546331480273486,0.8046366438714507,0.9637503494326379,-1.7434723598295019,-1.0353171971799662,-0.6673435359991172,0.5670370421321118,-0.8916287115446279,-1.1945508935351181,1.1459245356645247,0
-0.9136491573956457,-5.006089012412212,1.648356024528088,0.07989380414208402,2.969092995863691,-1.1078406821699882,0.04492584256989085,-2.294023347108798,1.7716834011292615,2.588185878566761,0
-1.1760646553039427,-1.7408665017882479,0.9400637457067176,-0.5673055258024549,0.1265839239530171,-1.076484707564567,-1.440191081439676,-1.720702950116738,-0.7233322051903763,-1.4194162575604912,1
-2.311888030115716,-1.0876320954699057,3.086990195609135,3.3537410031324058,0.0990755635670284,-2.3379282615086545,0.3836872278147657,-2.9974926499948675,-5.018715250096448,2.248845956533686,1
1.159287464029628,0.6704726737331775,0.6594645364360596,-1.1559311443284523,-0.4522242535935548,-1.3058208418798827,2.046404324892045,-0.818132755232646,-2.3949583542097326,-0.0215417952973469,0
3.950925490547161,4.241673697319013,2.5909233156358695,-2.4267095770314624,-0.43873412395673184,2.655532415117918,-0.08200487957949987,-0.49711796948350184,-2.0582035781191332,0.39421834482674367,0
4.123444186918197,1.132426650894524,2.184829025879523,-0.8222666036042614,-3.4521691010245643,-1.2548024374724638,-1.5696279889704672,-1.3527884415895748,0.586488081307482,2.3815183015288257,0
-1.3386792418489735,-5.295506950567604,0.8755802632966162,2.170921439112266,1.9168603584530297,-3.043806140944208,-1.334094358918655,-1.8243976825224368,1.8250463890123618,1.8698730509889745,0
-1.1747856283073295,-4.546671544676664,0.8023195840080724,-1.9778611741205845,0.6091540564896799,-2.7212817077961953,-1.5866129779112657,-2.9689428118789984,-0.19639331668784465,-0.9827274043768928,1
4.027704663599253,-1.2524970194809781,0.5414550962539967,-5.901512690619992,3.141357494457929,2.3007289631660655,-0.957900981897155,-1.3430449455563558,-0.0528320587312725,2.8022852799836757,1
1.0521358721050873,-0.6840508316586669,1.9466915846564126,-1.0173119233035732,0.7257495041974423,0.5846350935343456,1.33786859296827,-0.899609914979789,2.054147414455241,0.43352746779623974,0
-1.3243128562176163,-1.4273112457005954,1.0201894575499204,4.82297701976293,2.6601629345948465,-0.3903929844504973,-0.12152892153819606,0.2831715324925921,0.7535988173240007,2.344337291724094,0
-0.11978078182186103,-1.935953337992295,2.969241617276289,0.2893278083019786,3.3196426686745735,-0.7227204423284577,1.567844739035257,-2.3187057535677313,-1.7916248056477633,1.0295216787561607,1
2.6875363634682596,-0.3402286679949763,2.643169789355669,0.5674604950634263,-0.6849985616002737,-1.7262003324850377,-0.6556912987097276,-2.002412814355915,-1.3407218941961279,3.4060635178058174,0
-1.9412698570729532,-6.614116193884882,-0.3454264950855106,-2.6109058051398426,2.454888016003429,-2.087576200124132,-1.1720954237797319,-2.9871665871971818,0.057805496216764896,1.6323590132145716,0
0.2789517300619533,-0.8193436391209127,1.7231156657531255,0.7388291377429463,1.339394837448511,0.37716528974386376,0.7161925043310795,-0.5649045477372727,1.5647312230177426,0.800968714608954,0
-1.146875214078228,-1.976238750555235,1.4402709901246435,1.1929647436345416,0.6795268490037343,-1.451813672523365,1.3619553097664783,-1.2004821038903546,0.6721782845167461,0.07912696390494678,1
0.07514762262538932,-0.4899221469901906,0.29361256095428345,-0.8730583501091267,0.9548734501351211,1.357840572724186,1.2219670304834291,-0.06428756693919492,1.1164878574461432,1.4322426444634666,0
1.517615153642003,-0.604199100886906,-0.6813485342081529,1.072206874888758,-2.6532612790097323,-4.290254782949886,2.8811840505399156,0.08768811516816513,0.12019205563845348,1.3990736688284842,0
-0.35102322234569927,-0.9888390890626578,3.539560467537398,-0.1720937858334235,1.5610815193018597,-1.3075349875193887,1.509385692549078,-3.306423337749105,-4.396040194949056,0.9884389205590678,0
2.3705286821348164,2.2579955379074477,-0.5990928515421656,-2.4237820849677902,-0.140418126881255,1.4579370758928223,2.7620473794419134,1.474126411469907,1.329539886843171,-0.9622051341029751,1
3.4450762637090495,1.7547741916591304,2.8031707692435246,-1.2605353915207493,-1.1029816909022248,0.5337350253057283,-0.7862734430845331,-1.4908751073386082,-1.1192539699437651,2.056286170411073,0
-0.5002781097988362,-2.2921590246329036,2.846809881385424,-1.0333113329603445,-0.184702337169518,-0.5811536060967046,-0.09514103625356984,-2.7301436575575893,1.0450335778552449,0.17285594246190517,1
-1.993843040532146,-3.849324866490783,-1.5077500818599539,-7.1109795622632435,-2.7368669959702876,-0.7556476626596351,1.5533435255092554,-2.585129250798432,0.7318619849843995,-0.8135777945437168,1
0.6156843494212738,-5.429896770544257,1.7818237263102814,-0.6550260947752353,2.1537834835533864,-2.60771338508822,0.14039734502228618,-2.2723926348376837,3.732844115967489,1.0022800807179184,0
-3.311342461869077,-3.7462413923073044,4.314415610598369,2.5812330370560774,0.45380557510564645,-2.0673207490791206,-0.20044867441246028,-4.604616286839782,-2.9871438495779885,3.3513793071130626,1
-0.33277632476219376,-2.252933283490577,2.186944170523226,-0.4979966847861149,-1.2855492140142295,-3.0836883364238235,0.42482399620940947,-3.197464231041344,-2.218983508300259,1.0118360643216757,0
-1.7296660230278311,-3.658535924109024,4.339501252897939,3.0831429749485904,1.4510646122810786,-2.8865718796162185,2.6863428307774218,-3.4750404929818335,-0.6485159894541469,2.7838925572950486,1
-0.9994949871292031,-8.967689062425057,-0.9232414750371054,-3.7465283119448785,2.224824169683238,-4.151354911790403,-3.2738754226393807,-3.830555010546276,0.8664556863583,1.6257687671231096,1
-0.14071046147250188,1.1992539647598361,-0.3187485183042018,0.25451244941944573,-0.19446832955679283,-0.6278091330216348,3.1242360028931158,0.3035033770236699,-2.404174480176388,0.4600209559435623,0
-0.9767902019638908,-0.3699809650753468,3.084392185231299,-0.3786758700530387,0.9402919456428113,-0.4337160235084193,-0.3170217932948637,-2.408447241830742,-2.000906059628096,-2.7502169406949815,1
-2.7640003927794465,-9.598144534591922,2.007950010115902,-0.915551592053512,2.155318539916844,-2.5944729470079455,-2.135923477710349,-4.8107750410399985,3.183751184473769,4.455420997232589,0
-0.48764639156818745,0.37134106095874164,0.2829756536741844,-1.539921145477755,0.1270869569304336,0.8285418217606131,1.482813406444698,-0.8048607580766003,-2.297810051843239,1.0032215007725551,0
-0.2022262305711836,0.09035548295190937,1.2791997621167384,-1.5791860221356373,-0.18367428655195828,0.5806242762948377,-0.457926575689548,-1.3895450002684597,-1.231550701747616,-0.6986628583085658,1
-1.8724331874589368,-4.329802564117289,4.01026247551146,1.2353473970077913,1.9419659186354017,-2.5141642881993156,2.036665666280422,-4.199442415736772,-1.8786508482691893,3.0189059947407526,1
0.21383545636993984,-3.5635478134824385,1.067249826563427,-2.80930812939068,-0.31770857744221837,-3.4972212942668195,1.830232942868565,-3.1641401465026586,-1.7075379152109589,0.8434217646880661,0
-2.916048624690606,-7.927007910698677,3.6324130749438464,1.7634961341588746,3.583209302483528,-2.6364508084185427,-3.5139972359608596,-4.679105349888364,1.51601266458082,1.9555713611855488,0
-2.2115497797450443,-1.3813241263778848,0.6112977113387789,-0.5191654208983076,-0.9339843454246191,-1.1435896125455611,0.540187084753067,-2.0412464277538556,-2.7950931424717504,0.5981397490620313,1
5.18086633535167,0.6916548310804826,0.8183209755994472,-3.0777982343143337,-6.2806853240107365,-3.8927416493667044,-0.4216472199959833,-1.1439625996948801,2.288188859881563,-0.5366397232657754,0
-2.4592518502050122,-6.027432510178718,2.5233027732098705,-1.5333935854887526,2.3847091544147014,-3.234502590196567,0.2930437115799973,-4.187011496540792,-0.20011590190275874,-1.801354394926796,0
3.1597631437938296,3.76384796275427,0.6894705310355158,-1.683180272823458,0.3189231471022571,2.6613232205401856,1.4375633008729127,0.8447079071295903,-1.5777606836554148,1.463816714794477,0
0.009269568500479552,-4.556041385750346,-2.1288054930887315,4.463378124637125,-0.5927066853845209,-5.77475103783912,-0.9147124622158167,0.9855340691787616,4.353973419048826,1.35258698087165,0
0.8957183640435047,-3.3192950560122614,2.2145446444090817,-3.6822811426626076,-3.5964691189515614,-3.9861168058048904,0.7201297426652238,-4.044453129593989,0.2957702589553177,-0.02530886674496169,0
2.0823543653860774,3.0241657493330134,-0.6773143609422401,2.3008174097959944,3.4391918909271677,0.1600633398997462,2.5747613163603154,2.4564424528617734,-2.6691774893895253,-0.17157439602744473,1
-3.9877574103529003,-3.4824663611924116,0.7755788780417086,1.1059245384756842,-1.8948867668547276,-0.6757338735988595,-1.3354733381377943,-2.2602112466992432,0.8718410719958214,2.1276276261802844,1
-0.9816306529517977,-0.4758506781383765,2.242169001046781,-1.615428362359086,-0.14893556525786722,-0.07749661413189157,1.2382637096041886,-2.6135131788478674,-3.0023447312131775,0.33238245653334764,0
1.9471639581634002,-4.2057881086290845,4.815374565648049,-3.625771680913121,-1.254712722367509,-4.155981273910442,-0.19601525570541334,-5.939451333424859,-1.3513437342098535,1.0349420232998514,0
-1.1089435929392477,-0.29602272667529744,-1.3204045758176657,2.0123914203268543,-0.21767165989327875,-1.056429282102908,4.251946755968795,0.9804904440139623,-0.5958910540812394,3.175738107552198,0
-1.2812936486654407,-6.124369989314399,0.2936621252697208,0.7226173096212924,1.5260837645215992,-2.685410258207569,-1.1183898382910515,-1.9323172173611765,2.9459769116356034,2.5795775645130568,1
0.3556071526653859,-1.739239954453037,1.3650986532289628,1.941623227812892,1.4566242637161573,-0.9721514386910971,0.6921051645407903,-0.3358361414878655,2.2689485334749517,1.1685641415825723,0
1.033592934397989,4.689334062897094,-1.1168031334515065,2.5033872734876454,0.5428104757979497,0.8869052336008723,1.2385479902967784,2.5670466713844498,-3.748788384550082,-0.2690047224543852,1
-1.9497879573830241,-3.9235571598048384,3.1689156245228665,-0.12489979881308333,2.2543092797118334,-1.5217369926132986,1.7594658487151165,-4.640699343253558,-5.371176310618279,5.720918603786875,0
1.6709892977001208,0.2532058094281316,2.239104105857707,-0.33292154382163797,-1.1383351906769923,-1.4859342711972545,0.3317664285717157,-1.870237642473608,-1.9041583059305953,1.321600931645141,0
5.274847708103345,4.5183088551616395,2.271084075300606,0.04839376258060013,-2.5717417602422765,1.4905470936877643,-0.9748095875317107,0.4580752198684786,0.2468034730280222,2.6025532956055155,0
-1.4432746840290631,-1.0688311746405814,2.50600522270096,-0.4456057211658647,-0.8246094364930159,-0.8566055144764967,-0.8350068383677351,-2.757718415208035,-1.81092740512549,-0.8946802148851936,1
-1.6357858445065239,-1.1748362306640645,0.3398855498158996,1.1830403453296139,0.4416053463742312,-0.015211591274957081,0.078820272773368,-0.6171551086232935,-0.41647587114827433,1.465795013893794,1
-2.3097551015371884,-4.379672280062864,0.8377754953203842,3.3623555812123653,0.02566101260605036,-3.0426267071206547,-3.70090028643601,-1.7104607042174407,1.6660140090562305,0.5406329931752506,0
1.7612038489147173,-3.3006944403435394,2.099367902197452,-0.8701485503780297,-3.051087910741221,-7.373890642397009,0.6464619910565129,-3.7323096244549263,-1.6502496085941665,-0.8092797853070433,0
-0.5944417519489805,-2.0165802288838166,-0.8424248998378057,3.769199987503937,1.5362269156009023,-2.0261721099180527,0.21810269071075217,0.9040604261270587,1.3184080064235022,1.8745402022763407,0
-3.5267213167420524,-5.065740272158506,-0.40574785337351327,-0.6843222047016531,4.492567793236923,-0.7301221446064762,-0.41570781272417434,-1.9279147314426737,-1.6211888995879948,0.19783587823279913,1
0.3303536179741542,-1.0615919294299963,1.5667532501110186,-1.5718705976399758,-0.38783079596850345,-0.7008950709583237,0.7111120157108402,-2.175546979832293,-1.7152854384991638,1.7253086230195018,0
0.1934154626568938,1.5272843618203333,0.03494564903350317,-0.7218068086983807,0.13952182297916638,0.4761719405203275,-2.9219336473673687,-0.3404204507642016,-3.1584978895349565,-2.0467653148360023,1
0.6581797861887423,1.0001348894769388,0.507172463350991,-1.312582909976594,-1.442345126392111,-1.558009954771733,1.8438432003869916,-0.8396437722297313,-2.484675987610703,-1.252736709013681,0
2.044494341524876,1.030130743111822,0.3881762713580128,1.8028648037853834,-2.214343813455152,-2.485574367112897,1.9189326026189182,0.2634035909356798,-0.36051644385044923,2.0829972070355995,0
-2.4422525956048036,-7.976511482087071,3.0332132581142806,0.40606279875004014,2.885331017244253,-1.7784903842670903,-2.156697842274141,-4.3375686843904315,2.875874381801909,3.458123877211821,0
-4.372373478989486,-5.3587162230383525,2.2595073393273517,1.6135952051013025,1.0729290374503988,-0.8976912079340417,-4.557505939470513,-3.9172252109193617,-0.7954460456290988,1.9798757825468318,0
1.5768870914981463,-1.8388961480808208,1.529641861616084,0.16848688256287825,-1.3905964836045093,-4.277839412769359,0.5126214733278048,-2.274098737325698,-1.6604213618355494,1.4668712208736672,0
-2.985145683401103,-4.256507430223814,2.569806578496101,-0.5943928028999075,2.7233465286637326,-1.9234866096644998,0.3330555709785965,-3.6152068450806754,-1.900357734744282,-1.6947732193841176,1
1.4113645041203557,-0.28946858308988554,-1.1164563363291122,1.335929045223464,-1.5111122232364649,-2.060167006538122,0.6223544074278522,1.4397807179187434,3.3366325153905683,-0.3494577975812241,0
-1.7422858470829903,-7.018490744783743,1.3763576056268332,1.0860146314904717,0.046268120247684896,-3.714255568033858,-2.4713022722211893,-3.1465073947509525,3.4660253240559324,2.2957452783311014,0
0.653925358638847,-0.6572674992443115,-0.8251954269636916,-1.1250868879083302,-1.7989682948793502,-1.9513950493337764,2.5149063600855257,-0.23092323884101967,-0.06385500474343297,1.1662083554921239,1
-3.8771501892751195,-1.6287514981040199,0.9370689493150384,3.710351854967489,-1.6329097172110287,-1.3554219453970677,-2.2194189968707683,-1.8264984444769294,-2.4874353535192104,2.277609345425513,1
1.5575776029250508,0.9458074866750859,-0.7223319426597186,1.277627159903192,0.949957049599852,-0.8497620876315135,1.6323390511664069,1.7116637619964163,1.0121648200885016,-0.7888490033825513,0
0.4245551232762612,-1.080002478333286,1.356771131066718,1.3811656426374872,0.9813114023691132,0.04236723279779442,0.6643464126706207,-0.10258405114399882,2.8003033930793118,1.0995634528456708,0
-1.187720727951423,-2.714480369678031,1.729105523684282,-0.30218237204959375,0.8603737261972476,-2.3005844485071254,2.071709369166013,-2.239038160890909,-0.6358237756179556,-0.523517070447727,1
-1.2657318935751027,-1.0874658343891048,-0.8677912171248507,-2.428245140318017,-0.26569846825639165,0.202780901670764,0.5324570938852774,-0.8146350963536598,-1.1195409518344817,-0.1016631386271647,1
-1.1335459316873333,-2.750092230794869,1.8535206301075655,-1.6230051708430184,1.8320767735026195,-0.476746596354351,-0.5399152740713,-2.7802085897930375,-1.5742323954796833,0.08163286832208794,1
-0.12035080955536381,-5.101826200421046,-0.021637720432488905,1.1515408257656528,0.43288903038429627,-3.549213255113912,-0.6618921020681847,-1.0878327467779207,3.842527395406517,1.507420203853738,0
0.05658587119804759,-2.6956440469520846,-0.01343159699277674,-0.05023486265313992,1.2679002391998404,-1.8092692906939094,0.7575438780891626,-0.7901179036690688,0.6285725540587825,1.1339765333756024,0
-2.2200643706841174,-6.885019995219223,2.4795644331997,-1.9770930876203352,2.7584251554700394,-2.3262760969035163,0.09547600867034078,-4.422856305522801,0.5193595273138114,0.885895206757412,1
1.9262075854437093,-1.8972607196944244,0.9808975720485502,-1.894790244527766,-2.0081252401921903,-3.6096616425889865,0.9944436900674343,-2.153796675703409,-0.46182550269004397,0.923711036077874,0
-1.5429291696110619,-3.38049692737919,1.627159240749964,-1.513295032264314,3.2703410971305598,-1.26655983298125,-0.4702220461777613,-2.756101106837547,-2.097689766810938,-1.7276358179627205,1
-0.47727905919525215,-0.7318034910249123,-0.2646492259810884,2.479417068017834,1.285813268381446,-1.6929011868842323,1.725180344423419,0.7964782065000109,0.6631252960176035,-0.5308056921948221,1
-2.012469890876595,-4.306781772764696,2.2162645607167866,2.1463591746688016,1.1416898898386145,-2.4551519475501893,1.595118134923125,-2.083630497498079,2.282335257469704,1.0941943143627713,1
-0.42362447470808573,-3.5124813830046446,2.557114739781705,-0.8106163737560821,-0.8960230497705444,-4.40233618690956,1.6924847737021587,-3.89287477618572,-2.1738950113437143,0.8084970485610443,0
-5.318345836518742,-8.215187716890345,5.292654179372627,0.32859054171641666,5.012729137622736,0.07597989686201045,-3.7427346296776927,-6.94141221115141,-2.4298798168836058,4.09318892368896,0
0.9296103275004609,-4.213754020411525,3.3957209421633126,-3.4421218864309813,-2.1444964917680975,-3.3683422245081927,-0.6155718193668676,-5.084401911994649,-0.39009070062519013,1.6483930615596862,0
-1.1458984269931325,-0.8624159323922411,2.345530946999602,3.408027117130483,1.0876575483188615,-0.9581314692762948,1.210292843208219,-0.9185025855595765,-0.0333577246177581,1.1035478239180971,1
0.2714058587923629,0.580371849718986,-1.6909283149017422,3.5887047413374393,0.4598350749563537,-1.62908677650956,2.563961409334378,3.173510664219296,3.8242702786600997,-2.174989459249282,1
0.6305457585378829,-2.5037025031312985,3.533399346061195,1.2911642660003124,3.212022866655957,-2.5136259552932927,4.5051167837716815,-1.7915091710276354,1.1650870457339726,-0.28571025386683835,1
-0.41530153215719046,-4.532934087109924,1.3069876753827652,-3.856457614383327,-2.561819140579215,-5.832755106333189,1.4658531821215075,-4.373202936200205,-1.6664292551704047,-1.9372221067437303,0
-1.2100637694564162,-3.879671483214653,-0.5463043456279506,-1.1513595188230186,1.121663723723596,-2.4917656104130206,-3.165629226216807,-1.8184988063383256,-0.7264494958814628,-1.588881105213221,1
0.8496383875177189,1.017192274472482,-1.7843127622150725,0.8568719378231073,-2.260539617543378,-2.1843535260448053,2.8303841599768846,1.3393642728884014,-0.40254983416072565,0.9214371030072137,0
-2.584699979741287,-2.047637056312549,3.5733192198963373,0.19081373269826662,1.8004705981674505,-0.9611035762112584,0.9633309289752738,-3.1335542083520997,-1.74233877232587,-2.495200098099698,1
0.5950024384292042,-2.0575796533038497,-0.9386550413661083,-1.997782122795837,-4.292769334070312,-4.288120720947945,1.962433428701388,-1.185240723003038,1.0140446634354252,-0.03185595729724122,0
-3.8843707333248982,-0.2042061524023589,2.2431707802261105,1.187834932187361,0.3998351333051654,0.8080091703033292,2.3311238696229184,-1.4626066596220448,-1.200414294085013,-1.7271716532233843,0
2.5904289200545785,-1.9775037840856546,0.5751874459472665,-3.3813176233440574,-1.3484306820015337,-2.22966790757012,-4.427644259764128,-2.337631957024427,-0.415217625399412,-0.6093794693907749,0
1.6564093598328924,0.9372992344583033,2.103681355867338,-2.0595167072295855,1.011119907285374,1.2266479847567682,0.43000801612746753,-1.6324125381407555,-2.779440694153305,1.5762000070727784,0
0.9829019867973048,2.7635079450028472,0.4308488495878071,0.2832257509773195,0.46009308755601297,1.329149034672361,2.7431858731544967,0.7386933043586685,-2.3132524152390204,1.3702027298834223,0
0.6812373450980649,-0.5730934874804564,0.17201798793773926,-3.033609977722826,-3.213463588995616,-1.7889387393048708,0.5495277528729053,-1.5815833795093643,-0.3849977912393854,-0.7060655657020978,0
-2.5530007182515835,-4.991339498775719,3.850072880120617,0.4169765139376257,1.7714733874021178,-0.09858989525712691,-0.07175843409176585,-4.083693865670886,0.8640676153851439,3.8101068607526063,1
-1.7371484195961289,-2.026325738201086,-0.349954788933464,-0.2707087067382039,1.0443810812902246,-0.37340146820667597,-0.0024648996638616527,-1.1601794733268687,-1.9754622994526145,1.855674858396198,1
-1.2003354716129706,-1.5039968417296619,0.08194883745498349,1.2747045848287486,-0.6558652085609606,1.0034725188002038,-0.06081019985250924,0.006762628586117444,2.926242129117754,3.2695627557260885,0
-1.3022780605031794,0.053828486385845094,-0.9187970481046015,0.40781972878778183,2.392805330957244,0.14480761244109974,3.1370267670906222,0.2644709483649542,-3.7135108904119916,1.6692957026500652,0
-1.5991955584204707,-4.685126313842351,1.1763876413672918,2.641045478011376,1.2499355834055579,-2.656736055540381,-2.022001756680158,-1.773545509300525,1.9614395385486092,1.486658642148118,0
3.4513916928474284,1.1157739416638492,1.29459024731143,-3.2935836568515855,-3.9224899573483265,-0.9570870839118444,-0.36824088304975056,-1.3176725768350304,0.713422847123728,0.08145733836713664,0
-5.483366233305647,-6.995389811083285,4.275118049290199,3.7739028470274265,-0.5046778600061055,-3.1070864768873294,-1.0728448907242496,-5.848077166261207,-1.5986747718650842,6.315672126915039,1
-3.345104654029676,-6.20318122281416,3.1962987544202894,0.3759347747878746,2.933294917938576,-0.9474689101305791,-3.2494640103449033,-4.535090043315132,-0.45546315325359865,1.8970580221184976,0
1.4952012018846856,0.713693568211952,1.2533005878426866,-1.1183612332941877,-1.486566835803972,-1.0326780614058988,0.8387611686083456,-1.1824272326194207,-1.5383011034913847,0.5230558861622618,0
-1.0880040265686246,-3.877811545486491,3.019136907374754,-0.007818841566589407,1.0847667464782262,-2.2067395762957602,1.4522770976300428,-3.8962779622392767,-2.205544270753831,3.729517197974789,0
-3.663654332636325,0.11132549097872577,1.3624957552746202,1.623036480775214,1.7815082827680977,0.2506692746996022,0.471383599184511,-0.9139943999009784,-2.832875997877773,-3.5120903629297597,1
-0.9550122793169579,-2.855596164631999,1.6221174280929032,1.1762507825722375,1.441770838310629,-1.2417499049040015,1.6716441393324797,-1.1185704958892382,2.395631613547687,0.42711904893781216,1
0.9854231505001273,-0.9113977741025052,1.344526904889578,-2.060371098619438,0.47964262931179924,-0.893935024492463,1.2677081679689686,-1.9509685204894411,-2.176377527260743,1.2556751261225347,0
0.532456584477152,1.392902146763948,2.2374650949028476,-2.1027672727328257,1.3982620484843888,2.1993676347162214,0.42284811677185563,-1.4329521114920798,-2.5969712466747312,-0.2318378081192991,1
-1.174683280423265,-2.376760618935219,0.3420483467763368,0.46747295929637234,1.7810282158527901,0.054638668730370155,0.5546045322826141,-0.5609183129865746,1.3501895208697683,1.269821079390601,1
-3.9660598106821334,-1.8084254173825685,1.2440130785055996,-0.1631892857592505,5.61976290390856,1.964149989485905,2.1148021459737114,-1.5335860283395344,-3.76790298445773,-0.5218021614437689,1
0.93727967759707,-3.498844815070214,0.7712283508955596,-2.894479864640478,-0.561467835569524,-2.6146419171582402,-3.211517308369574,-2.8050770118830473,0.030556801180900095,-0.658529307811376,1
0.6185919632900527,1.728123105114745,-0.6691722418264825,-0.6970753353923655,3.70595598591545,2.0045524360002522,-2.852661202935468,0.8388199960239127,-3.3042811419628455,-2.351248329469583,1
-1.9386664595754866,-6.843587049709806,4.698954149909235,-3.1413117838583275,4.332382378983409,-1.6636950149189806,3.3502929945230333,-5.495859305500952,0.35957869113901575,0.4174085055658323,1
-0.2809922500334393,1.471784106207045,2.081936764449755,-1.0473599535136382,0.6914359557028331,1.596365144640845,-0.06018408075372239,-1.2440634794669472,-2.4327435188842275,-1.3036949253365993,1
-0.22882708506000804,0.5288498433865928,-2.347617892370476,3.9429216511167455,-0.6190201943988589,-0.42119522996216285,0.6986515817229983,2.902740268446682,2.5325948357591246,2.0920343904803502,0
0.6905577663618555,-1.6683723266935389,3.060792594773111,-2.0528302408493104,-1.212349772842042,-2.476281491911486,0.7608699550258187,-3.6232455711906897,-2.0638787969347225,0.15941665995840903,0
-0.44682621445976856,-2.99196137273228,1.7776634430329548,-2.2757527445787678,-0.4949854528206651,-2.6287660385007277,0.583297056751368,-3.516381144535051,-2.3605478258706194,0.7280802759029423,0
0.36952498701771197,2.3934299992785215,-0.4485982952723775,3.005590937401358,1.3472912048976706,0.48531212412499003,-0.024514875189298513,2.2578167217696,0.10667454705148294,-1.9459045349434485,1
-3.227958675946666,-4.224131911677874,0.5212128067889786,-0.12138289241853628,0.1329644461112789,1.1283035648959736,-1.8503877088239542,-2.144681700540965,1.5824940993719774,4.207405642511896,0
-1.0865726215848133,-3.737097760539306,2.9809291254446943,-0.7255759723218764,2.2285704121757783,-1.3112168071671295,1.5553495263939567,-3.188250491005799,-0.15559703283060777,0.8399705305399519,0
-2.273692926242558,-4.926336604414876,-0.6791294544028921,-0.6507761554226109,1.003986969037803,-2.3993264793490554,-2.822404935997727,-2.061121229527556,-0.18948259585055105,-0.08943471725429286,1
0.10749910470440205,-0.46446308107606216,2.687084594187297,3.2978889794959985,2.3360198742732514,-0.4043421154635375,2.4244905231794176,-0.2664996024643971,1.3119247391287352,0.9812238896773124,1
-1.6783432776226188,-4.846031377412554,-0.09543487582923493,2.1041459306122254,-0.601358210328581,-5.836170807918351,3.0229727970645817,-2.0614877646187946,-1.1200901995275896,3.1578755388780797,0
3.6255604086558657,0.8449143988128517,2.268183759830353,-1.9871371252403698,-2.0355694986886026,-0.9264690860304756,-0.7215799777111103,-1.762577665722851,-0.6447725233434497,1.4074994361885176,0
-1.2495159034519354,-6.7536245477753525,3.404394604178367,-2.0873620989674695,0.25917880589488185,-3.6012973474333068,-3.2657569935000135,-5.338713448809436,1.2119236854863042,-0.7137668703241764,0
-2.906511475396318,-2.6848442369481003,2.202567549585563,-0.06489987816332077,4.759084966584144,-1.3002950297086788,0.8118962531273517,-2.4086359263742136,-3.011408986128279,-4.388987235155919,0
-1.3252138032344452,-3.0938648968586127,-0.3989392574763919,-1.7289272951591226,2.790832597472073,-0.13359094045265252,-1.5880252580622578,-1.547869037454649,-1.718483975721505,0.49230614608816703,0
-2.5835257359125405,-3.27710626106789,-0.17890571900047236,2.9225762692093022,-0.26320861592876477,-2.215222375705684,-2.6342668192144094,-1.110410348072634,0.10366008414690886,1.5572240689472183,0
2.3654556625653234,3.192234715418279,1.345482037868376,0.8748367030590216,0.1716667495597135,0.6004003189980536,1.0832741869083682,0.33332141045776786,-2.739392450345324,1.3650176780676833,0
-1.909596978051595,-6.5345696404613385,0.7903166812986062,-2.6012336388025386,3.582008486924739,-2.394131670895985,-0.5255471824358744,-3.493456978894335,-0.5302837724481252,-0.03337167049555978,0
2.6115688112870568,3.1928528536455043,0.7488887219672453,1.8884228862023427,-1.690394011696294,-0.3788038467730478,1.7874289980329188,1.0420755972033429,-0.8410825389908773,1.966033716085865,0
1.3745057302337391,-1.0423412908365535,-0.8546166858325706,-2.444516563175248,-0.7931976659355384,-0.3124482046335967,-3.8741655201198038,-0.8643841583149348,-0.5280288674037956,0.690914394306833,1
2.098401221521085,-8.183418100997214,0.5553321975504618,-5.7695741183473945,1.1129591622041541,-3.609229951891016,-3.084083319933537,-4.466536108147388,2.259478610207049,2.987236023173132,1
-0.5911103608877974,0.055975754715827046,0.7607363644786522,-0.562762026184816,-0.44297147782608937,-0.43805630532057116,-1.7959156874325832,-1.0706663190497703,-1.4532170439784722,-2.205752213870724,1
-2.97975743620872,-3.3659131785882486,0.9280238481400146,0.585334372867313,4.118552059627595,-1.173197232664997,-1.0383283204605278,-1.8157516960407574,-1.930806020206607,-2.5609310845839977,1
0.6828029602943291,-0.9970020988426092,2.3796187206894386,-1.7336841424332685,0.38056697714325716,-0.7399601765806955,-1.4794383238172695,-2.4356197128128496,-1.1702295540352543,-1.306517052945784,1
-0.7547322322024863,0.9945945887761352,2.6110612476396557,-0.8532626595441302,0.2909874554216314,1.49557572034523,0.14138492043657513,-1.790082700250662,-2.260819294317455,-0.6676000952168,1
-1.673146999484763,-3.6963428087031605,1.9541121252478084,-1.832812583109521,0.17216123083052093,-0.23619856400541284,1.9747591795358297,-2.7369324530198145,1.7026816199590062,1.818720297760502,1
-3.882072048454588,-3.840431254468115,1.3130254094356808,-1.4538709809872612,-2.166359606857803,-1.5051416602688994,-0.3228293087959957,-3.9654235545993677,-2.1267416379623443,1.8668060970386708,1
-2.0946984221060814,-2.9347630892503433,2.0822481021258152,2.26834659377017,2.3841995283465724,0.2923223740575611,-0.7063794251318681,-1.7705012854155606,0.2938940227277511,2.928803145631419,0
-1.8492395824468055,-0.4962209820109472,0.5379039842347112,-0.32573326944568426,0.7548194676106021,-1.0367019980093422,-1.7021152545535263,-1.4023776278351585,-3.2691206112373337,-3.4336657173272824,1
3.9494588501569146,1.8035256367905705,2.9628052518451264,-0.05944699678859777,-4.23583738941208,-2.579304631651779,0.07736392056554164,-1.4952525748780905,0.2162923536347765,0.5031409496356578,0
0.2150164902751398,-2.3276947078684196,1.463248427619454,-4.560572123722202,-1.2345780339732009,-1.5051374050755384,1.2904419109069114,-3.2326153086471487,-1.1204425931543873,-0.2540546140486435,0
-0.09846975323494522,-0.6110260541628241,1.7526464279962815,-1.789567331289756,0.37472030659073496,0.4452235237702924,-0.7909117069835028,-1.949740312347077,-1.2809554578781863,-0.34250010659819163,1
-0.7844542087560797,0.9481557759758708,-1.4909792151485972,1.233509333005091,0.21628242295343225,-0.3692603787868407,0.23388396602449613,1.2386844541955644,-1.3822501012716315,-1.0019460416774997,1
-2.958629649890616,-7.086467031433371,1.8502158738807415,3.469619136525729,3.192924589501634,-2.7806392713891435,-2.690975046311117,-2.895752535001688,1.7780444980729295,3.1533439594043324,0
-2.161785474125156,-0.10645805802522881,1.7717201394986324,4.122946809590571,-1.132835240828512,-1.7031808503510115,1.3530254576012055,-1.2296682323972299,-2.66666076325663,2.5917560864394233,1
-1.8696528854473506,-2.377714351391638,2.1207593896941574,-0.5208492977916299,1.536395002779125,-0.5894479088291914,0.28851809207038015,-3.8829587334044358,-6.504741329169759,5.091764865225513,1
-3.837040497734587,-5.785034786721392,3.4061989373918156,-0.4359060885263961,0.5006361435289555,-1.3599862781600889,-0.6272050585948785,-5.479399168711146,-2.353756140570897,4.491414815921513,1
0.7410087823744473,-2.638986322784415,1.653489563669484,-1.234510827786582,0.5990117020030475,-0.17527535058689003,0.6574211366234239,-1.338786809482846,3.6561038553172933,1.062365615048701,0
-1.6657785247085974,-3.331082717764397,1.9701815063938888,-0.19411065564162788,0.987892756335336,-1.5510580152990374,1.1046466727229687,-2.5934302805234606,-0.1722508089000523,0.6712129598232288,1
0.7568413139808805,0.6381777451224837,-0.05243152887750635,0.007045415269193667,0.6504745829925791,-1.087037287710723,2.58802298838367,-0.05646357407899109,-2.7044082287547524,0.977079623750601,0
-0.938916698603016,-2.6395963945429926,1.5099751529530674,-0.7749122051361527,2.5122928540828884,-2.5271917387050165,-1.964255891295624,-2.3875909235533825,-2.1927630160964764,-4.135331589136217,1
-2.0907082082390325,-7.117678146231766,3.4715341837526887,2.978312271780658,2.150323778200204,-3.9002426294854473,-3.132824228236675,-3.9996755826110157,2.2553822796783924,1.4942366046293123,0
2.940369882072444,3.3595234407818326,-2.230093529206564,-1.2234550595495317,3.2684087352402873,0.592844707802415,3.2867938940049584,3.0198647571368364,-2.241847928288677,-2.4941438400625566,1
-0.1612728534034069,1.9544364109594916,1.3760395810614237,0.9838430366199733,-0.7846414255084606,0.6560530277954593,1.0948488008926784,-0.46744072389715136,-2.480921672909495,1.219146574925974,0
-0.6885846361632657,-2.9616841002674956,2.6748407801926035,-0.04375403247423604,3.811288960996867,-0.3950742109875135,1.1963657205651228,-3.2447013478383218,-4.10248163232622,4.6708059155614015,1
-0.137880795399135,-6.081885978583696,2.3478320965684203,-3.2920114673038947,5.494522344309943,-1.9146239104971485,-0.6341308648575579,-3.9229848478731397,-0.6740537357414859,-0.8523239588576281,1
1.6872523127977257,4.089166316810303,-1.4264774711200368,-0.6794020441282231,-2.8166761537215477,1.4668671406079745,-4.015611364421253,1.4222681598365716,-1.9851833351799169,-1.3216286129477675,0
1.3474759416279436,1.7158407889982314,0.9667023735327798,-0.9185122522265942,-0.9817028705328188,1.0188867388338558,1.8145252427227563,-0.20248450981910857,-0.7221545377242737,1.7021889999457458,0
-1.9021157182309447,-0.7253429267447012,1.7031320669048347,3.487003190819652,0.5845083128105757,0.2462489130754013,-1.9239165769626128,-0.6874389328488998,0.26176292206789753,0.8729726774581459,0
-0.031054888938916614,0.40530574263505054,-1.4779539320266342,1.0472918903378092,1.9627157639861914,-0.7137621404836492,1.2844761184287152,0.9297880932956178,-3.0911783640850485,0.9876420513239946,1
-1.4140931695872656,-2.316427719679073,4.295679857902681,3.99323902882957,0.9772653516221745,-2.6297149347057465,2.582930377740997,-2.212569189885596,1.3747188154532644,0.0953468292973092,1
-1.2829814203128656,-3.5490324330296317,1.0006418265314616,-3.942412840400676,1.223418555405108,0.3049777509958036,1.0453052002261023,-3.1779487088041893,-1.6263153545003972,2.5625261927003216,0
-3.211697465555848,-1.0622218422522962,1.9552794656757015,1.085820115128792,0.7408770900167048,-1.5287263288512265,-0.45254378823372754,-2.0450389685043984,-2.57214352440044,-4.146858519258825,1
-2.6990501620003493,-5.846257868302491,2.991537611222407,0.1460052504733682,1.4896522671457604,-2.2924514381345067,-3.748256690127426,-4.511763154189782,-0.33772766115727615,0.3085603128018286,0
1.5386228517478868,2.838283055298888,1.5700422072847755,3.1041591171299396,4.490715952104925,-0.9835788825945914,1.5608898271464284,-0.23800880264435278,-8.912972604279494,1.7330878910328709,1
1.83910072351742,-3.1753567605628397,2.798309707775429,-2.031029619732282,-0.6904788137094763,-5.094622432923922,0.6753085955432004,-4.079501615830245,-2.4583934812906802,0.12621021339607874,0
3.402843378610111,3.9382456908464443,1.7771041691490992,0.6077384295485495,-0.6681087967859214,1.0624986020190994,0.949637278381444,0.48469762693692064,-1.7577096798084995,1.6994878417160757,0
2.53181289197529,0.44628621140717917,3.4065817928353397,-1.8473138388635741,-0.764592821487101,0.10608052974557225,-0.12123645109708225,-2.5343277710727126,-1.267096871236525,1.9268254072495399,0
-0.39320220042658893,-1.1450493337102838,-0.07283188362613324,0.8304589403960303,-2.077654907926339,-3.6760059686563764,2.023264758524439,-0.9765934018160007,-1.4572695453433488,0.6215033961786866,0
-2.3469141246760445,-9.07492746010573,3.8787528919059664,-2.510148120793125,1.7476766868543345,-2.228981326650099,-3.2034241276603463,-6.183105555030495,2.745080838494858,2.0770403967492106,0
0.6190840389762476,-0.6267229088253193,-0.6432380834028273,-2.7007670963479202,-0.48852385448412317,-0.5222592150222406,1.7680736250567815,-0.6795639117668574,-1.0922949732738876,0.9962614038741223,0
0.1253278498243937,-3.4742217858858466,0.26228096614356766,-7.609477974997581,-3.5881430125325977,-1.5353493781385388,0.9659102731160578,-3.5138628218058803,1.2454381218865083,-0.9726353920252537,0
-2.956941917916873,-3.291879578029123,0.42898933047100307,-0.11669060889547356,3.0410868080270514,-1.0500334112661731,-0.7819585462221197,-1.8537972976694752,-2.035739341705115,-1.5737495534394441,1
1.4418420966805556,-5.604909796331418,3.3651715245173524,-4.881140120530771,0.4186055056294993,-1.3254506488295579,-0.1882631943107269,-4.896103120951778,1.93103975435792,3.2733489818781525,1
-2.8236874779691368,-4.962917562114707,1.8002837115093242,-0.4228422131309628,0.6943257167070682,-1.7673708886522792,0.9671902044435364,-3.812572893734942,-1.6906231453103142,3.9744306027489404,1
-1.6183284526320512,-6.329389825973601,2.0133001098792493,-0.9696826123431148,0.7797799678417503,-1.2742699471290069,-1.2410666719848549,-3.489591782781142,3.196030634699218,3.2140556768476776,0
-2.266915023680963,-9.495173637737448,2.578904423208325,-1.8106372831025663,3.4285409222840304,-2.4641268469535116,-2.132903723016664,-5.159279135563416,2.502131213732758,3.0623725245313262,0
1.799526076802922,-0.8975646551303623,2.3188346821791113,-1.936444096148282,-0.6505015711459169,-1.1521961399087262,0.5636859629765,-2.480325962811138,-1.2275421256727068,1.8342596599640393,0
-0.7103395643189079,-4.972235362952442,0.7742609232547182,-2.6010606547596473,3.1352638455593675,-1.6152926774330623,-1.0010450525299082,-2.851133161927295,-0.6072688592807108,0.1851116919309137,1
-1.9438911987728111,-5.107523075220193,0.9449155538195354,-0.8577062837713931,2.32300271072458,-0.9650971520282251,-1.2808506648165912,-2.7268643612244783,0.21955813291897763,2.0232538837443035,0
-2.972035261700104,-6.638671270707636,2.3530677660293637,-1.0181082314191876,2.3578443155325477,-3.500878726058808,-0.2762286621887162,-4.312850492726968,-0.13940244074829922,-1.344291959479164,1
-0.7089624842344606,0.3316088333071182,-0.7639394779000384,2.659781473245209,0.9169133822731437,-0.7927214404115988,0.7270490045662905,0.9207911334277457,-1.4928139845985415,0.9439509504301888,1
-1.0875366651919964,1.4163511981658494,0.12018544860368285,1.8897587348935692,-0.47385574957175614,-1.2930530795696638,0.2872720870181146,-0.1946216062370627,-4.126836912235302,-0.7256561006476692,1
-1.1874758956254248,-1.719053248697644,0.5312855430582281,-1.3910298664166094,2.0187741953386213,0.5671350528448993,0.08130807953614161,-1.5150776759221447,-1.8920672965687062,0.993704056156538,0
-2.5858138367158956,1.1097951328732452,0.6661608540421747,4.956393783696147,-1.231453053596803,-0.81231465662576,-1.1072939411851512,-0.32593286120571024,-3.8681202762619185,2.2122397120709536,1
2.6246486188351783,0.6807432130044004,-0.3162387463062981,0.1068430532455158,-2.767493412290932,-1.5943762950350755,0.22335388329320605,0.26856218814830474,0.6594491379282874,2.552498889915948,0
-1.2375125048024793,-0.07766332537529398,0.8599871307234802,-0.38608335769037583,-0.44482764138229114,-0.20413667942400704,-1.026411627804867,-1.2104133033258215,-1.670861977502062,-1.6013757266133308,1
2.138856468227769,3.0205552373893623,1.1261136322607923,0.551906459802904,-1.4551151574720809,1.4324294248707659,1.2571474555124407,0.5707444613212997,-0.39137005992946183,2.5122016488192607,0
-0.38463361546405783,-2.5179430425489038,0.0807882530463988,0.5314410504118835,-0.291708498030703,-1.8077690221712648,-1.3105848544717478,-0.7340595264221731,1.9673198380472239,-0.08145485206796876,0
-2.090607203522961,-2.836073976949593,1.2642270992094469,-0.4675203628847934,-2.597842374755687,-2.5284704166401024,-1.6242784895619913,-2.8058669050289304,-0.07657650677280503,-0.8585867208766917,1
-0.9016856573513985,-5.1417361642079396,-1.1795319242407467,-2.221973001043703,2.832755017679019,-2.388524254479436,-3.5203838259631945,-2.057187149575963,-1.3045179146492105,-0.5011585920727706,1
-0.46699144961048833,2.4074254730958393,0.6711202896730986,3.845582931209294,1.3109274197883314,-1.1629024918074917,3.4034650970614715,0.6725373926305753,-4.737476531780734,0.8481713650372913,0
-2.4407325316550734,-1.283740618705224,0.7770920206795625,1.119617235580647,0.4291470552038501,-0.2402940920528719,-1.343284551271468,-1.9611312362751128,-4.041980434414396,2.5912689186736504,0
-0.09466157412920317,-2.24059939475218,1.6280085481642796,-3.4209631457609015,-2.2600917195179853,-1.0048895545471628,0.9981127051413279,-3.001625311087722,0.15595750128756825,1.2890718373073924,0
0.357221811676936,1.276042105906282,0.4002370097199168,1.839349749969484,-0.4573570070458236,-1.9497562616906223,1.9167268038103709,-0.04613388274027755,-3.1555986201206716,0.48366124209311545,0
0.9092835479731287,-1.5334706743574686,-1.2946900116497073,-0.2901326194973355,1.9513533391137443,-1.27959223473279,4.04633760571779,1.8369266858396212,4.709633021640215,-2.1928699680914336,1
-0.8228511512780183,-1.853812198909435,1.5652303462295263,-0.81214355420663,-1.1186241968257993,-3.2145616041348415,1.8208018604321525,-2.7082159344653816,-2.6029235212279307,-0.29762894329934997,0
-1.9439422417277357,-2.7935478103384477,2.8493680865488127,2.834495079720453,0.9384245604835552,-2.2985132278487743,1.6767488264993158,-2.4832236971791133,-0.9615543016605993,2.135937442581799,1
0.4136284468883138,-1.391849956694102,1.8773321919279762,-1.1568460952136979,1.6042813494134538,-1.1192549420671567,2.005012611001069,-2.2855794475242726,-2.969866961771582,1.862671715239102,0
-1.9619595501760305,-2.377979594868338,-2.1252355854558784,-2.1036888402635094,-1.1415276016472227,-3.4270813804851334,5.305162205739282,-0.5560828177710035,-1.2656137286649896,-0.9928426111309487,0
-3.069196609402205,-6.987520905153042,2.0798856660976406,-1.4411014109192948,0.8606352271984103,-3.5441514304485535,-0.2081775718729909,-4.572791298242427,0.3671786523091991,0.18350212758486095,1
0.44113066140843804,-0.9337414344264249,-1.1244024530950416,3.9070593671138365,0.8601555066755942,-1.5842488789781919,0.9637883801284628,1.984343714166792,3.076231336071642,1.6348684491240344,1
-3.652249576496052,-3.0752655648805427,2.733324323193794,2.1981998923904063,-0.9696214704306547,-2.6125794107150027,-1.2386353625411866,-3.514112016890692,-2.06833676705239,0.12686038291891166,1
3.676990759390641,3.600888277151052,1.3586173803819637,-0.5097870855606527,-2.3938954525144664,0.8122364241448519,-0.24065090390947375,0.2877706387144665,-0.5506095143533501,1.301900610587442,0
-2.4151039098370655,-3.2681291249438242,2.4397920882658077,0.9739223085912287,0.4133674048429421,-3.3098923659011463,1.578907373006404,-3.6822374200612313,-3.9781780465270993,1.751074576325058,1
-3.8450066317834244,-3.0952723150399577,1.5223289465110055,0.5697057739583045,1.6166911056073052,-2.0156717493162644,-0.08717309497165271,-2.6084044343594366,-2.3199618390727488,-2.813169439278055,1
-3.075604283797166,-3.38170418842472,3.0664875259140754,0.469154488818337,2.4822186136480235,-1.39395151032312,0.3387844090570571,-3.2375052329245597,-1.4220324882036228,-1.8951005556148464,1
-1.9846128490616657,-2.5040602537518266,-0.04873255335887916,-0.9807751232033237,-1.0147872477911581,-1.2307101080272826,1.3715667294597342,-1.2799427635951954,0.9421733094883937,-0.07202377775383773,1
-2.436394382111489,-3.5721075102396678,-0.12693018617560403,1.6589022047278936,0.8755927975783592,-0.722062811359701,-2.034031297566013,-1.0736430110279374,0.9370316185951034,2.189959569273997,0
-1.804293549431252,-1.1366908045260085,0.5512556454443558,1.091718443257899,-0.5890282596549303,-1.9008026956566146,1.0266307285601783,-1.2701622886323192,-2.016586194013139,0.2569786923398083,1
-1.3539336201347336,-7.199033739697737,1.7189790123712094,-3.2175837710732855,5.690167699450339,-1.074843817652054,-0.1728398407282925,-3.990322751607251,-0.3195185528782123,1.7102847469475055,1
-1.496292441902139,-1.782502363733917,0.2872101157564604,1.9446412773956054,0.2053447567539236,-1.5918982581540342,1.8825752228364194,-0.3349464395858603,0.833714034366156,0.874847646703987,1
-0.506761933778535,-0.5786092483497072,3.393790390036366,2.4671084556130234,1.6643451477676983,-1.1724763719488556,0.8394424282763392,-1.7103104337693391,-1.0902112725266744,-0.47412755189209754,1
-0.8152728565587299,-3.6207366195772126,2.187754673101914,-1.3800417997372454,2.409637154223467,-0.09306336148997874,1.5431339057219104,-2.1948639984409306,2.086285794033487,0.5257945766453362,0
3.108269167867235,2.8634944476946838,0.3524880684766356,0.5035005078645496,-1.3121522858459362,0.23463084577936466,0.9640850891623258,0.9421953729280933,-0.6948256272076789,2.2137049565364206,0
1.0000590296173866,0.22482953871948252,1.5008234861954501,0.8175548896477653,1.8639772875567557,1.1269003657174037,1.6758323963171782,-0.627697120821583,-1.7465562961254293,4.730225399169189,0
-3.2881889239212576,-5.1883069046918715,2.173906614051214,1.8749696844381512,0.44818872073086335,-1.543198077199642,-0.26912063652409146,-2.8207565196486164,2.2994445778492496,2.4732408492748723,1
-2.519313622303156,-6.560624617840692,2.4344343570118108,1.4082867796798682,2.5299970287477445,-1.547163454988695,-2.770326917821559,-3.3536481245054595,2.4076978181763833,2.3907387136375524,1
-2.699316244493869,-2.2108020492528833,0.42295208589563615,-0.04153573391024845,-0.5692288164964201,-1.85123614845417,-1.3572765196165733,-1.9285063894793526,-1.5646708080222043,-1.8957665448972112,1
-1.2735790472753834,-1.4645377448028998,0.22256116775321444,-1.8075178583075437,1.9171995511643174,0.6934033003141096,-0.3097887593156221,-2.2260595544791175,-5.3408609827588025,3.6129224596816725,1
-1.4995715720749834,-1.7933946301318529,2.7800162815983427,2.828090327476713,-0.19711784759757167,-2.358610814255114,2.7830419624297456,-1.9164167515761081,-0.14120859545999398,1.4569320817297018,1
-1.8117165423192874,-4.733850177849035,0.42930560569409626,-2.832248068413149,0.2791014988247602,-2.8582197242457665,2.8806138369480454,-3.0952613039835883,-1.0404321191855685,1.0514379916526264,1
2.0380733215988793,0.11797202337791514,2.4330159158136704,-1.993336940203542,-1.3577369175843912,-0.45653485285895234,0.1678882704961251,-2.1907387011094515,-1.0224744771758558,1.4996059897988259,0
1.5463982233408047,-0.7450574780496972,2.858974507854761,-4.339766864228926,-0.9999987052497961,0.8235057101468233,0.02879922307061422,-3.15730908760006,-0.6154637259678357,1.3457616146236748,0
-1.247139807133056,-5.980120674142179,0.8279740133949176,1.6662305811197202,1.2248554804563638,-3.7991192091099544,-1.9416676311974945,-2.2117979504959084,2.4011764190404623,1.3325519734399707,0
-1.0309789739939623,-6.064406980226697,2.4748004857265693,-4.029772109508757,-3.6024842052460953,-4.703230869837876,0.4084104511433043,-5.542196469954232,0.6564639405938064,0.8415219005714737,0
-1.90963723565193,1.579773687635245,0.2850371902306449,1.0642677035408512,-1.201736653029639,-0.04092404356762391,-1.4217376185272281,-0.22973079400229304,-2.5178168901739553,-2.8612268799150655,0
1.5748250752099902,-1.5556463136283052,1.1420465508126478,-0.6536318242981223,1.7570446693704258,0.11378171465963649,1.9308449784919477,-0.13527250815961972,3.5225462378353907,0.8731603526654168,0
-2.5270384938880803,-7.098790910479269,3.665476440706035,0.928781321708334,2.843881474454288,-2.105694519671677,-2.7821581307664633,-4.611564029069536,1.361865954195225,2.084206300137296,0
1.677053668758617,3.2400329494468227,-0.861471146030478,-2.003801928505618,-1.2325317823132218,1.9661265761270872,-2.5908777281172637,0.7473007630439309,-2.2571475905376364,-0.9189835690799777,1
-2.394974473018349,-4.070776708620347,2.15690340874273,-0.3133311044498881,1.4185112330055403,-0.7821068012048555,-2.179257677611806,-3.4117560521847854,-1.0455268353542737,1.1551519380531325,0
0.830001702132755,-0.26869741055115837,-0.07177945032122723,-0.05293693087858786,2.4317653304601485,-0.9669635823801765,2.530058603350712,0.49370230954171557,-0.2967374563408802,-1.2116257153031966,1
3.3438548997197186,3.9998233658596423,0.7019063386333542,1.7868205103794799,-1.425116842278015,1.0127982814490901,0.5188965732101267,1.4671646009480692,-0.6495934909654455,2.8643784755559913,0
1.1721290040869106,-0.2999998389140815,3.02994956974583,-0.06001537972047433,0.5781322066301875,-1.2684555570307605,0.5449249014112812,-2.5458416925802827,-3.194196985264621,1.7425188191201662,0
0.30312811923134264,-2.2903065923712416,1.1102604447996451,-1.9133130962330864,1.5832865637194222,-0.5070500745898541,-1.937503767751365,-1.9793185406063385,-0.5495294151447367,-0.3187635038231482,1
-1.4873229549145734,-7.9363698663339735,1.3534698166816772,2.2139261712526457,1.4593247007627415,-5.6007236602053085,-3.7189731447543535,-3.1222837454770778,3.281144383201391,0.15235547161697394,0
-1.823575313710692,-5.086532661256668,1.6200401221845886,-1.6393380629013594,1.5172387947991908,-3.5929918585803344,-0.639374957099394,-3.5042570658229346,-0.5564788189067779,-2.7376648716001153,0
0.03106406599286915,-6.116395434696768,4.088759451561683,-3.6573106139692797,-2.5301561349620645,-6.927645904388557,0.9195734884472668,-6.663909553624946,-1.5022453134749922,-0.9327582540555215,0
-1.9356061579187582,-1.3709033236468504,1.4200383851994747,0.529164331885856,0.960594759179461,-0.7207958700271269,-0.603849357159634,-2.4789991154796276,-4.679239004967091,2.0498265762316814,1
3.32963671144648,2.296429109557485,3.270553155951492,-0.19173959362993553,-0.4513237099818387,0.12352353240826197,0.029493382061924756,-1.405961676962612,-2.1753325776711385,1.6208896954923193,0
-3.99079158728153,-2.0938239134184853,3.1935539940541484,2.868692979767159,-1.6673958942897549,-0.7831104343880081,-1.2610964469501134,-3.531021465465428,-2.567326558241082,3.1648861184872263,1
0.179907325808095,-5.252254741928411,1.6583998977925642,-3.4568712930405168,-0.14735946648441955,-2.2055405154702328,-0.5852637504807263,-3.6303522691302095,1.864606744046126,1.3526683489592226,1
1.5703229526889062,1.7435456253877928,3.4987904117870228,-1.9076931584352177,1.9287120935958824,1.698302535557915,0.9380802700250328,-2.2011112531816783,-4.17765519976115,0.6927558194744272,0
-1.3588737335083834,-0.48133207971112596,-1.420345434609901,0.10914531258806481,-0.822202501368895,-1.4713576863307913,1.9760755651565942,-0.22411747611160915,-2.961060278339425,1.6734457989004696,0
-0.5008964036631247,0.3301619982366725,-1.359940707578555,-0.5060336348392934,-0.31376558286992307,-0.20657623205198905,-3.2587624225747414,0.08742586569041438,-2.1640786091921993,-1.563843067692088,1
-0.43340711793916764,-1.6388677069003306,-1.3579660421742326,2.2851348207108253,-0.7803868726033043,-2.4276033658008442,-1.1742004149437602,0.7228577841408105,1.7818598835289796,0.06878547984663563,0
-3.8595322153995637,-4.431730004319912,2.2996316154938494,0.39268118402740604,0.8633882328107594,-0.30631341396048095,-3.7539732158790065,-3.900208961633033,-1.4867762710523753,1.6421545414112708,0
-0.3915101359608646,0.23632446801083062,-0.7853365997197641,1.1938346813176959,-0.5463131860060513,-1.3556472287228587,2.1826829408103707,1.2521967738477597,1.7250953824287316,-2.2116617517102597,1
-0.6283652798058375,-0.2591531991880131,0.2893729957822774,2.256612985992247,1.310151734559445,0.9407157680381684,1.146716952368733,0.6199742954439281,0.9219450076789627,2.6266083315671,0
-0.13997673322711401,-4.414825988393964,1.1316834533802163,-4.6253221540531975,-2.049894312494692,-4.2329135845125805,0.8298110835649233,-4.177272904328694,-1.1338463141142276,-0.7727798028730763,0
-2.1450845832994254,-2.1501425196901733,0.9821508901161007,-0.4097744827916785,0.07661055241473536,-1.135171629894138,0.30693746725890736,-2.6757819227845214,-3.809609565927163,2.381352218549992,1
-0.7154207325283661,-5.2318449025008915,2.339496041025483,-2.679852792906881,0.04386418361110911,-3.2173026496117485,1.7506977484101576,-4.474697986259204,-0.9967528864604247,2.4682247621720457,0
1.4037833789493013,2.329273455120874,0.036024666139442996,2.471460138711663,1.5644489509038557,0.058970997268005254,2.5176394831429594,2.522261775766198,1.9312083699359375,-2.505426208482503,1
-1.7175993604424684,0.04184383270383323,-0.28803130035939684,0.19884898856629607,0.7006188943972174,0.23612411453873516,-2.3898066197424295,-0.5100097413245791,-2.7593140478295024,-1.60433755580693,1
-1.2253149141603206,-0.3324099952625828,1.5191266465268263,0.14020009664285826,3.1737438426555338,-0.22727222056971508,-1.6459752339999767,-1.4171658571163883,-3.6365552536565904,-3.316099677671356,1
-1.3504399217852172,-1.2074299991325355,0.5840503216515247,2.399523410303221,0.6026213034223115,-2.010543598351049,1.715483235800323,-0.8258471496111399,-2.1231558639080403,1.7996956041604186,1
-0.21361144885219474,-0.6338199253077258,1.7449602132333393,-0.009072700622348329,-0.24799533512682037,-1.1466840154640665,1.7851145426271295,-1.8254499037672933,-2.125064448816444,1.6294667892747445,0
-1.1642565274050678,-1.8007529383257201,0.47616028919535935,0.8701925436362961,2.140403981367565,-0.01980339637966222,0.43894917329322847,-1.1061351416179588,-2.0707699990721586,3.282652401350429,1
-0.05170394946076007,-2.5529572074668847,1.2978486721950364,1.0002041105116293,2.8223837965403837,-0.9340590613877566,3.5504698163485218,-0.852756691895095,0.7653471970569588,2.9833202723112127,1
0.45260303113798706,2.7288096007215117,-0.8024014273854767,1.0822656129409685,0.08219693612128753,0.15158727861136012,2.901759150815841,1.42089932674149,-2.765881452163771,0.5536903243058044,0
-1.1419957417262088,-1.970294244286123,3.0542659075933134,1.4738951393849744,2.550023232036503,-1.6900117221146367,1.0507560428579872,-3.171412810911139,-4.935716202017789,2.742991111488627,0
-2.2740116547156433,-3.701068745698535,2.976030580917734,3.442590160653162,0.7381744862923404,-2.35459530837782,0.6898374616600002,-2.2374248404705974,1.9027441099039828,1.1102347669656016,1
-4.576407927465176,-0.3316710485713881,-0.25358816147763985,2.6240553069206562,-1.1600494413798386,-1.6794204166769686,-1.9856845416654179,-0.6877535734514688,-2.8468601307874666,-4.039676117728876,1
1.5868266679322411,2.953097121886949,-0.512763275219507,-1.7460648098664175,0.6496156409666697,1.3843914864857705,-2.679015682867637,0.5221261681377448,-3.519155436204798,-2.4735546221120135,1
-2.3501009252464318,-1.7110548458942423,2.7335554865186174,5.2850803318622335,-0.5156933291199581,-3.3099253507414055,2.039739693918563,-1.7784881611054775,-1.195355656042716,2.05521473990209,1
-1.01960311502762,-1.0236883698394872,2.0835816381434027,-0.8489068894028637,2.4312472350408916,0.384939366037222,0.29180478983230396,-1.7760832124027246,-1.4675293218674836,-1.6344649216653908,1
1.1521200139091163,-0.08435147438206606,1.0767588591160127,1.713230198960523,4.160111764844978,-1.9447033890540908,2.9312067697867024,-0.13702708634032787,-3.2813449573760787,-0.07430791805900472,1
-1.6471254272897702,-6.3206516417629715,1.7117913005841678,-1.940546974191466,0.6236061560266274,-3.1048404421692672,-1.586117989680275,-4.1574279995995465,0.5578727791616822,0.7169812691532391,1
0.04786429156104455,0.4145380768507106,0.2196031849993374,-2.2139532133819073,0.3354908419642011,-0.2205226130025988,2.6099549798774286,-0.8512664878278507,-2.7825597727397438,-0.42399532731094025,0
-3.254838041594139,-5.324740956653147,0.9122522822991478,-2.7665836300087308,-2.2819955318421323,-6.603031265405237,3.190763756969918,-4.558475619432476,-2.8446050258735736,-3.0776403066216824,0
-3.2658376851155557,-3.7137396399202993,2.5097631470874795,3.1901339889243996,0.7816628289160497,-1.229619187389679,-3.5683114955796125,-2.825594716935951,-0.276485461252469,1.4388860232687277,1
-0.24009189050246804,-0.8543374255669033,-0.11127666213845067,3.3432971374257647,-1.0401003393991817,-2.9048828604633234,-1.9072516247612088,0.38148538541916405,1.3449863122400658,-1.3772789759526656,0
-0.5662833234188405,-4.0785543225283,2.956214445781961,-2.628904252768761,0.5667792106885852,-2.473596218080638,0.5084835484479316,-4.653542260381065,-2.607756325145492,1.5701334767097688,0
-3.291433125301305,-6.86034646256891,1.3280313002558721,-0.6568570670350616,-1.662656685100224,-4.837202885772911,-1.886613681749192,-4.350275624813299,0.9107757363523465,-0.46663162478268605,1
-0.04714038153937028,-0.805346017056421,-0.41624687403820526,1.6281264164365177,2.6273757680693155,-0.9149460909602007,2.255147186418026,0.257425801849397,-2.1400397835285103,2.694724801950363,1
-1.5102441690190869,-3.2174182463550594,0.31007996500534496,1.2826752374396515,0.333704802378639,-1.8828345718437025,-2.0426450449106763,-1.3194240775425075,0.7633973165268018,0.53196468345037,0
-2.68690676910418,-7.163382226199608,6.420506507294742,2.3669912520533636,2.647569588886194,-2.4740985487587985,2.451514890930631,-5.764188178571679,1.5083920511012268,5.189522969236912,1
1.8583303843131425,-10.527612571246104,-0.19512085082665265,-6.762456365305554,5.502191504371775,-4.135883698707676,-2.7334040464994667,-4.64159186093445,1.3616147655223771,2.05702192133747,1
-2.190481771584268,-7.087394804248194,3.863360192192272,1.1647948692356591,0.9638451020464867,-3.054764920726715,-3.2572475051250827,-4.758691276618933,2.481446484378087,1.6545408700118172,0
-1.4368250022402398,-1.571840196421946,-0.20413043111554963,-1.2193859588435119,0.8840366083858504,-0.5265148120663196,-0.08845173818382301,-1.605300832496804,-3.4662455956705394,1.2887145227988281,1
0.6306803759406907,0.8415000987549862,2.1549538960001415,0.11138787674192407,0.16675437026808737,-1.3937353633959373,1.7493645038956576,-1.6208678585723637,-3.6918114506957433,-0.05516522709532934,0
0.5139981153202771,-2.1668900313552095,2.077280040877317,-1.4258544476821797,4.228486935628491,-0.9725419150355887,3.4677842660947666,-2.772502990589575,-5.089759240520868,3.7747274798331247,1
-2.198143386391878,4.6685996953455895,2.0251985731568096,2.20346283182272,1.6348443766718437,2.061777404950642,0.5057649309300707,0.41150148993314395,-4.96229029628166,-5.562622376987203,1
3.234222095476346,3.1187207960786454,2.013289574595587,-0.23294981594411757,-0.03346398358509517,0.47764321386280195,0.8793129244473505,-0.2525637401743249,-2.5025776008448215,0.9321743503257298,0
-0.5951159451054902,-6.111948306830675,3.638465148567544,-4.9730770942224884,0.18153787005397293,-4.6922368275062425,1.5679243076172105,-6.4536825284891295,-2.740491259080013,-0.37889244306562997,1
-5.095438499794864,-10.626295395894063,3.506437552273117,2.064665788779409,3.731169365456232,-3.6807884837360563,-5.21365351414551,-6.306185101767656,0.08116797131145281,3.466024738690283,0
-1.2249916293529144,-3.139426829554288,0.6902719130625464,-1.6497113442378226,2.894549531843338,0.2815287367985524,-0.8430240133113542,-2.01920611439606,-1.2147589684730846,1.1416630744566516,1
-1.7924215153914425,-5.5210994999580745,3.112066028883514,1.555732035589346,2.864191935770046,-2.697325789842801,-2.3383245249438867,-3.6579998413576478,0.16715108341230933,0.6443695662566625,0
0.33996633450036007,-0.6697611600206715,1.2206414797879144,-1.4128344563742783,1.6994506073341473,-1.4884331044286216,3.271130872775241,-1.5451313238262239,-3.1031639219575027,-0.22222927192850617,1
-4.299882906550816,-5.891770136499531,2.243614376395924,0.37832159937576804,4.363273215553066,-2.4261742575844627,0.33715116218453,-3.560754450360392,-1.2652366856659896,-2.2312520871347714,1
2.717998400501779,0.7800056688698258,2.94982353882704,-0.6765113836453122,-0.6693064496970932,-1.650181819143052,0.09880705235557774,-2.1543720715790022,-2.6071598046310216,0.7433487115000341,0
-2.832104752881377,-4.4868696601578195,2.8315324190489353,1.5189889937154177,1.7459675573782016,-2.402000461517036,-0.5450703895506261,-3.999670094595229,-2.9548670060020834,2.6787279784750355,1
4.4664247301315845,1.989249763855579,2.337673999090341,-1.6054613001169435,-3.2148791362803033,-0.5492412518827683,-1.3290832956313594,-1.2170123221944544,0.2112364790395871,1.4870684293130239,0
-0.7032567857348553,-2.169761531184511,2.6184446450897125,2.259258105555669,3.479309734662939,0.0111776534376955,0.6404797498058505,-1.4853380894585835,-0.10476485002824543,2.46150681368882,1
1.8415790844431823,3.1938079029351276,-1.1190622097355847,2.97821831531113,3.155143858980155,-0.1957838495776294,2.283345230990135,2.777183577063376,-2.9536602621709283,-0.23758262503577243,1
-1.4002020138689486,-2.097500322716172,-0.11974913601676995,1.2601145044992543,0.8762010118174816,-1.332753179586859,1.8647461763127966,-0.5885323714605025,-0.5118754377704458,2.257055726292557,1
-4.711782083640391,-6.977423032249604,4.51679397891802,0.6754828225303011,1.5273872585240829,-2.4095236275756275,-5.992136831799011,-6.556874376295452,-2.4621333863803727,0.33349745732992764,0
-2.1749458441908054,-9.827639793163936,2.779621546257068,0.5321679682915175,2.9902746073154285,-3.9573330468669887,-1.52925001105695,-4.908351167328155,2.9887953726902667,4.251229902304918,0
-3.0478011268027996,-4.3594279570384415,3.2635420556426356,-0.4854891443065178,3.4909997922390037,-1.2932511290641546,1.1806221457691073,-3.7623538380687913,-1.4556035089994985,-1.212783909197392,1
-0.5278204262495506,-1.765182814122068,1.6704090091658914,0.6758049257410247,2.4752272739506758,-0.047987426176780534,1.0556938045705062,-1.3842778519010124,-0.8243179767998166,2.125817741817217,1
-1.4821168627728167,-10.710934024694522,2.9581871272254228,-3.6993099903292785,4.915610645276004,-4.912139053088947,-0.35368015804372455,-6.199208845087288,1.0483790086851263,0.21508656012603944,1
-1.36005860757554,-2.639381699345829,1.7017293941519092,1.1965435945709286,1.0388382956743794,-0.04638065735725183,-1.2541989460548058,-1.5418046433286587,1.5401762904987923,1.452449189253728,0
-0.2340727446925004,-0.2924219834459647,1.6400233580666197,0.14978904905234125,1.5133876335617555,0.3804838710895151,1.0945251899527317,-1.5228637841697203,-3.0349548022956396,2.7164992725229498,0
1.0321273273154576,1.4136750091566062,-0.2983279154119731,-0.17786712091875545,2.0311122028327198,-0.22317186521884702,1.5222684399150725,0.9738442287371505,-1.452999579590963,-2.4539245373157605,1
1.3148227677922046,-4.1306224456403475,1.9863897283639087,-3.8733498616709996,2.2427815239675217,-1.3540454534157749,-1.9060433002927648,-3.5244947041153516,-0.48543776900779334,0.42858250858992997,1
-0.1458274169900744,-1.5177527977103857,-0.0017292357840490435,0.6315820744608858,2.3176349949991426,-0.28798842900212973,2.3462806753226717,-0.027861687612385486,0.025715193449883822,2.3309702090792124,1
0.6424562666581144,0.1612514764615362,2.0481996178601056,-2.460144600020439,-0.2956326568837109,-0.4261696904819696,-0.3021787424977441,-2.0575131894396312,-1.747859179286313,-2.325817969277863,1
-1.8966278581710996,-7.52299215118078,3.0919890449301883,1.6769185083308826,3.2417156132428078,-4.032046295860286,-2.764798046654403,-4.236299653127054,1.1693614939842893,1.002071485286788,0
0.11115358311226875,2.1094520822162033,-0.5611375904002873,2.9334771423817276,-0.5169171669881747,0.3222886455588314,-0.22895300141742014,1.974164244663783,0.863917437967985,-0.7005229403962898,0
-0.5860291212004968,-3.6062531062221526,1.436456329473587,-0.5364298841099375,1.4865764561633137,-2.778642114889297,4.14353135592868,-1.8864646053437755,0.9091508682655143,0.3821695372491388,1
-0.768847464829834,-2.2994499630314023,1.3853928716477109,-4.90300722035444,-0.23875513804413284,-0.12039363076931076,1.2730224565332013,-3.2819941045206638,-1.8170677140557348,0.047149177347930005,0
-0.5644291157559296,-2.527005290515829,1.9507516744040438,1.0983208140231824,3.5704082512974935,-1.1827233075623413,1.3482254712807487,-2.000621885582877,-2.4860294654509842,2.545819998012138,1
0.8856597458359197,-2.6584402695931715,1.6504851200160353,-3.9440971858738045,-4.124903595041896,-3.5012768261663094,-0.1446956560280641,-3.6220315001768544,0.22350895647388636,-0.5664033618993154,0
-0.32894897207799045,0.6564858723954855,-0.8310806771893489,1.7668001337329962,0.33896693826969937,-1.6821531069606726,1.9690305936022208,0.8629543984788588,-1.764506282418929,-0.6008734621257019,1
-2.7579710925725607,-3.82613166857102,3.0300361261214714,3.910392677349689,2.3445180961728527,-2.078473683196126,0.0798725021729807,-3.431387364630172,-3.741272395016918,5.459376840147806,1
-0.46066002517473725,-2.974024597344223,-1.7280655989421498,-1.4166665330621782,-0.17138537188654368,-1.587088960878446,-3.9249147133039646,-0.8703692161707904,-0.06479389050858231,0.0012586201162851918,1
-0.7379917849607572,-1.3482093018703005,0.19984788184966096,-2.208787199514652,-0.10927457301451593,-0.1045422718205875,-0.5114459876463788,-1.4811963640144938,-0.9799941589907308,-0.28866480269347317,1
2.8477614272926086,3.0868331389886574,0.753343434233829,1.845130254871507,-3.0124240940726756,0.07770552071641745,-0.4850078453247033,0.8619778239322367,0.1726639406945536,2.804927684977681,0
-2.9897147465292804,-3.4367853513058937,3.2974015243993913,3.5995927760856556,0.9274350756428632,-1.7719485166928695,-0.6463413063702828,-3.1974066985062244,-1.439531226509215,3.0676746857989636,1
0.4018390868609105,-2.1846723388031415,1.1002112991692459,-3.5869134095170008,1.207284290157571,-0.4413547781865007,1.5385279822156352,-2.5348513793465024,-2.059854506331662,1.639683918459541,0
0.2665042170198193,-0.5683077361562613,0.661929732887301,-1.0985593479917262,2.3220250994830938,0.3273213616530122,1.7894490464796395,-0.8252073999576138,-2.008961102189059,1.219350242343478,1
-3.5054378492824583,-4.5552211558340225,3.988612667468801,0.9994665157345013,1.619940437288584,0.1677672443082039,-3.7688665359519566,-4.379065836106825,-0.2836868703331563,1.5221341691739598,0
-0.33269674127954585,-0.18289518401462013,-1.4423096974264824,-0.8392063212513177,-2.108413584974942,-2.3835243885371606,3.3737565736207777,0.16737100559461124,-0.8515590363318544,-0.37026432606951176,0
1.1947014559137965,-0.18746221873812138,0.2986277798041358,-1.8437428215341638,3.5677755134230766,-1.0410801333410147,3.651022374415538,-1.3264115265504897,-6.531622228606559,2.4147946135678406,1
-2.694972590892723,0.0028614028679970027,-1.5519644970211044,2.359827209453151,2.863972785875555,-1.2104223501874065,-4.1285857044481205,0.6376099654257354,-4.092871102644055,-5.304721479369896,1
0.14188145916421613,-0.7950977863415166,0.41306851374563325,-1.0015481653298732,-2.390292322225778,-0.9983724540558288,1.1443683382534169,-1.1708255306272928,0.16080315987924543,2.046251983792705,0
-1.024355426906177,-6.917000019908994,1.2407449783432982,1.1043323883249054,3.292542436385186,-3.6522786211608675,-0.585682132803391,-2.6693591373213983,1.823621897367301,2.372191135297362,0
1.8104863565718792,1.0899364406855703,0.09881386782208557,-1.2479685807161152,-1.3564349785062442,-2.3755679259894094,2.1239072115041027,-0.3971235190537836,-2.254876593302024,-1.1702980226398558,0
3.069214608370055,1.5386905193928353,2.456393221938131,-0.15977365684804767,-0.2579614707811787,-1.4427891252391096,0.7622187116490657,-1.3152576703298529,-2.713212117307536,0.7869819884852609,0
-4.203048750338965,-7.95806185275642,3.9913880486442297,1.6434286225238122,3.2559753612959605,-1.6025288603916108,-4.151301304458945,-5.386961148998517,0.37614500976432086,2.96654431533728,0
-1.5133762608338825,-1.8896753211749964,1.9439485441880455,2.2449939940768537,2.135439422872205,-1.5288746110372495,0.01994593562135827,-2.1906165514994,-3.7792350898127873,2.394421435476717,1
-1.1521482595217432,-4.610967040958794,-0.7296232766513118,3.2936122565872576,0.24900970197949668,-3.6574459420346113,-1.6430763675366298,-0.3468022305807148,3.126661980309099,1.7756391423229811,0
-1.2023517273196649,-1.594310975754808,1.70609696850414,1.362834209710471,-0.1973211281886762,-2.1532032220606006,2.4406435601913277,-1.476787828336907,-0.18802492392686498,0.2346233091287082,1
-2.022083323853071,1.9551823104180366,0.714837093493492,0.5269950981850049,1.182583413042945,1.2779011118706711,-0.09100358155561783,-0.18643708586536648,-3.662470912158608,-2.959344182328646,1
-1.3369067046595202,-5.866371255200704,2.1268632056099963,-2.365704962073166,1.0941721675405,-2.3033022686693796,0.3086408203923734,-3.9201024183920445,1.2171178242088192,0.976478114388595,0
1.6475147043326162,1.9548320398238563,-2.8955108953106965,2.505960993987312,-0.22317834084419408,0.01111723215313476,2.6348463739679575,4.002058090708808,3.055391793295227,1.1262583577628258,0
-2.179310078428652,-1.604922561332926,-0.08960957712083673,2.573739601745513,1.3716025657832254,1.5465959570469303,-0.71977733966557,0.2854192426548823,1.584801276390388,3.329270051544671,0
2.0415431652476865,1.5875548956910182,4.462533893362516,-3.859313657702887,1.899944289832433,3.289696217275874,2.9130678650955666,-2.364034016442634,-1.175746531616898,0.4171328396925096,1
-1.7580907894429247,-1.2679326347363276,0.2587820005780016,5.586253336038768,0.4552120891474547,-0.9673741193994716,-2.5016117873410986,0.7992143743391912,2.3367334863049134,0.8643301196634081,0
1.9504206438235092,-4.210655336302518,2.20595225725939,-4.34756624401027,1.1435243212033268,-1.3131373791372378,-1.4759459074129366,-3.568073181359267,1.0518352935318058,1.1042770762166707,1
-1.517198990060815,-3.611981667158079,1.5797296118003596,-1.0318602401449246,1.2962699227830365,-1.3540310744014108,1.0848967689553346,-2.3349484824018845,0.8056679429774978,-0.3260665405822578,1
-1.8495115802500008,-2.4402298390232886,2.7533240051750294,-0.6085263079909468,-0.4783233079700402,-1.9420015393114585,-0.49814404055918515,-3.2338810956292643,-0.8371339779889598,-2.101619217833527,1
-2.397455248904839,-7.782248977281725,1.9283309603872465,1.7784032113426995,2.8707495370628915,-4.8718518519591205,-4.017175975324018,-3.96192278888054,0.47518923502927923,-0.010552699618291417,0
-3.6023846159490533,1.7843433216697515,1.1980963271993263,2.4616060877867536,-0.5506601225737631,0.6911053512490113,-0.4106873482900393,-0.41676360674847324,-2.935002992532205,-3.018812698100241,1
3.0387340831213283,5.142351006278519,2.029105011528203,1.4273281554378532,1.4267640743006214,1.6813691599879814,0.8047544349613097,0.7315451183040215,-4.570640442918463,0.6586155170002578,0
-2.4375545645925376,-10.784634708871664,4.229717740992571,-1.1924104440504324,4.532012801219286,-3.679149154108366,-2.965772264661175,-6.5655488035408345,1.9328907418284547,2.2631937233997688,0
-0.3785709473963266,0.07857249588888368,1.7705675406122414,0.4537903862356478,0.36591075172347787,-2.289508313881165,1.8313989532640949,-1.8634007185079513,-4.476092479186716,-0.6158515272144185,0
-0.04602957496785809,-2.035193005549638,1.2458675627863856,-3.791276955282684,-1.857180309838932,-2.6558015359115394,0.6103119099441926,-3.199426315491578,-2.0567265438470947,-1.5078829881453262,0
-1.8503935647723213,-3.307070277222966,0.9234034393575203,1.5634417550978004,-0.09810371494833037,-1.234863732048664,-2.247693170806877,-1.5971295557941954,1.5468669282532679,1.2926493158337553,0
0.6205297108307224,-0.31935932206094253,2.4132392859265694,-0.5900105920296043,2.598950102399308,1.5436058363365153,1.4363233114705924,-1.7898767606504247,-2.6323417064431895,3.9760703456179733,0
-0.29434183552647775,-0.12942905304853797,0.9722487255509799,-0.5365201804440988,0.03011109657984745,-0.8280747704556612,-2.2521628008617736,-1.2713754781450357,-1.797676748120674,-2.6121047504158845,1
-0.7683494659901434,-8.429404228773429,4.274855831596895,-1.2930210981947334,3.2992878342376777,-4.184838343575645,-2.456069574244613,-5.635237131166753,1.940069656753041,-0.22878236023946208,0
-1.8909407095626014,-3.295661114176622,-0.6475531774963921,1.9052931034338925,-0.5837832347977421,-2.4577971976690036,-1.9896541414989022,-0.9064031478154417,0.6027364145389701,1.368193345728893,0
-2.368026687505516,-4.734597553217231,3.3290366458231793,1.8068986168222452,1.5918683784776204,-2.7745103110804807,1.377524242729816,-3.7481053906959274,-0.9023936006543836,2.648170076961536,1
1.907625739002474,0.6295727144209415,0.7495114594778106,2.151227230962239,2.593953688357737,-2.5729269749603185,5.3016504189862275,1.37667277748313,0.8525821502852537,-2.265825582799926,1
1.6633526312136409,-0.6204863031325205,1.590476895077862,-1.433740339540617,1.459519297467979,-0.2790481777119742,1.4794146173607217,-0.7415003401842604,1.2474914317190213,-0.9340342081906543,0
-0.6298530847211973,-1.8687543407744251,-0.6560012040162233,-1.8574970375254045,2.504475317090857,0.37259279908031484,-2.189765393309275,-1.046446991385467,-2.2487352595386483,0.20941014770368604,1
1.2376200829393385,-3.90017840416868,1.7607946367826304,-3.715431876366088,-0.40077169249844924,-1.2443215366608624,-1.9686187193797653,-3.424880933940744,0.9827866068022135,1.9367404831896,1
2.161937736978919,2.211305006255391,-0.018577700884731208,0.5274217664979512,3.7128472995291846,-0.4037612794691505,3.7626190396389774,1.0244430940477258,-4.460722277585749,0.4194543259482364,1
0.8621636235631345,2.8072965947398494,-3.3519429678963366,-0.3489144226212948,-0.11636450002556398,-0.2826825719437841,2.278618288345929,3.1222041840152728,-0.9695159576663778,-2.813005604712468,1
0.5133635129887515,5.453434330541354,-0.13919196528375166,2.498453289918813,-0.26939548227860444,2.596470843555709,1.6779470211730614,2.659334848257499,-1.77638762365187,-0.6129531787346971,0
-0.2511703315341698,-5.223202064299283,2.147202322005907,1.7666586321272462,1.4303910706045044,-3.222634077272926,-1.5269401461719292,-2.1785852276511797,3.752446952474836,0.5816313551287052,0
-0.5474207078844389,0.021690685919719364,0.2884257014507581,-2.2330362975814335,1.2668446432626421,2.068921980452931,1.0280157226329625,-0.7073511354829777,-1.4530685597449662,0.9947042056341965,0
-2.48528518484651,-5.493595513271136,0.9478201092582477,3.2185041985725276,0.39197066527469937,-3.2047870234692164,-3.671096185266838,-2.085596077787935,2.350163042966396,1.3076694161614757,0
-4.532054242706303,-10.127253529460338,6.070848474002859,0.12600486081848983,4.16300619944979,-2.3249411910290405,-5.819196803278939,-7.856711596468668,0.1612061292761151,1.5226248072022532,0
0.8170645370923266,0.8105518052525131,-2.773149784687898,-1.6686794451491538,0.6495804822492707,-0.12536075465188068,2.2937575455467134,2.5340797392218657,2.114080306281399,-3.7082134039129837,1
1.961626591196309,1.0020571818588064,1.6904322178695517,-0.5332416908591981,-0.8500658848763036,-0.17287036760410968,0.5530250486089995,-1.022476918641749,-1.2773346188595889,1.8821866528885545,0
-2.7661098123284926,-2.842707999059932,0.17256497382313185,-1.2422998635119327,2.2186467681929685,-0.9553667197062329,3.797147993496927,-1.9724889811624873,-3.277692939188161,1.5073954996046328,0
-4.507407066766432,1.5906249758125035,1.2450511038797334,3.0691363692313853,-0.2993956193262748,0.5661147307308207,0.13920318556336353,-0.4839622829162969,-3.353763548832257,-3.140730291002643,1
-2.764393752222925,3.206856585732239,-0.4060657810531636,2.254363017231287,-3.3992242147875125,-0.47481390792292144,-2.3450986461763295,0.4883488026007876,-3.221074917474449,-4.666743957527037,1
-2.8852644652226127,-3.25618469550208,-0.14429478337267465,-0.7480604803581992,0.09537445885810047,-1.9675867088610122,3.442729948452368,-1.9076600867842752,-1.673999072858492,1.6331473141194612,1
-2.4544040805706366,-1.4584122450939372,1.711635737113836,2.1201084194233224,-0.6362976821427475,-1.1813819061692796,-0.019494393705325574,-1.7647074850845343,-1.031913197433342,0.805711025413697,1
-2.8684625963809074,1.0474597776954422,1.1263054234861025,1.3842500448820532,-0.175786086381567,-0.15522471306018182,-0.3767165841820924,-0.811235370738959,-2.9883867683418295,-3.518166678469812,1
-1.1372921845817643,2.9510883355772473,-1.2758876014011153,2.8851071913420103,-1.3073597795124934,0.30820127296234867,-1.4855439323836108,1.9399123333713708,-1.4408598029744293,-2.1761983096325634,1
0.3928246527086643,-2.146134828386645,1.307907642386135,-0.2579374286813083,0.9690997060170716,-0.710165386879124,0.6482248499580425,-1.098494274370435,1.8932753257077115,0.8843813667048861,0
4.929366822818937,6.642493270321068,1.9401451095603113,2.3456825321136483,-1.2161231276485935,2.620193649660478,0.7442503744669341,2.1101173838248535,-0.8741359480881888,2.838975557936668,0
1.0597056473408657,-3.534646176529512,2.25917175155993,-2.600793657285881,1.4490409401665887,-1.1602929045870622,0.8459999882878753,-2.5118768321030838,2.252939413451356,0.19955897551336266,0
0.7578076533246467,0.09269231990862078,4.146081572033549,-0.7997533911174808,-0.14731538075568662,-0.06849895231084435,0.12327720581101342,-3.2712200346481737,-2.8544494407099874,1.4811248527631222,0
-0.5738359034862045,-0.6999953703280916,-0.20787634729993743,5.843368077862963,0.3499703606101281,-1.9696199020690592,-0.3295805015750197,1.4720408042067148,2.099396829797322,1.5299391391267874,0
-2.0247179136426245,-5.151815013800446,5.259020453758348,1.2010196953651635,3.82013414719924,-2.396785409043905,0.8192194767447125,-5.930631723734134,-5.418394937217526,5.264252739319961,1
-2.7173499874087748,-2.0344984031051836,3.493597514822593,6.536243396685629,0.38062244198758877,-2.172425542197367,-0.3608395842561838,-1.5518926932234507,1.014761250840279,1.2023009980502948,1
-1.5696513180796106,-2.1458740841583217,0.7605487559780069,-0.9595195170055086,0.10092303235865785,-1.4422049998225248,1.0553799986721655,-2.1879737856815527,-2.3111241754374765,0.8781303694728799,1
-2.088888484364296,-2.893285927611033,2.0940268428921627,1.723471681938428,0.8297984505451182,-2.020138862630557,0.740396015269771,-2.415087255802087,-1.160012340579367,1.3422030947483545,1
-1.5330331112805047,-0.08366458175833827,0.8520052806474772,5.583571153803991,1.3325783798689166,-0.9475683483425137,-1.3909893347448854,0.5459352258497381,-0.41553548639825166,0.5497052759419643,0
-1.5890273674045978,-3.981603421960038,2.397468352847694,1.2576276281863128,2.6771177744614563,-1.3877483152047672,1.062679334049147,-2.621270169193629,-0.41890096291535284,2.753098072576562,1
1.2934516977712576,1.495897110620687,0.8857838980376067,-0.5718656112413307,2.0136953931840234,2.4140875061586753,2.2779328220087995,0.09450561849810228,-1.8710032981363613,3.527078159463395,0
0.005978116681825796,-0.6885977583810192,-0.2950252749922315,-4.435375351372849,-1.61034763625318,-0.2741536904141244,2.656033155653728,-1.277788337477473,-0.4704566994506756,-0.6114856553245223,0
-0.9656481259372465,-2.2995279891264517,-0.5731311376721566,-2.5094508763866745,-3.9384259079793917,-3.3285784723605705,2.2352638260801854,-1.738164719119333,0.46976284655862743,-0.6050422915197988,1
3.9990605929413405,3.6310022079961497,0.7936207125053566,-1.4478910504392521,-1.5483110082319829,3.2634693536715336,-0.4427175249590174,0.9037509905211318,0.7588064344271472,3.5999492502613366,0
-0.7285072661103679,-4.034044614435213,3.178108393266041,1.3758223896652526,1.1703502347543635,-1.7560479403567566,-1.3289958182217239,-2.750307893759228,2.330434121676211,0.9442852330589787,0
0.20299669131422915,0.3461744411981842,-0.13572707305577136,0.8799322919036784,0.7691556974777648,-0.38047167085602973,2.38731358712344,0.9156707454577868,0.8807911059723741,-0.5871929747480136,0
3.2470327184405567,0.9992889771554203,-0.6101823255096621,0.9120931249293427,-5.6647302850744605,-5.323936155288997,0.760513318364177,0.3338993581734477,0.7889369718945316,-0.3906639230926978,0
-2.5862073402556387,-2.934702585136281,2.090042243298732,2.4363338543998547,0.3325912023532406,-2.258974345588919,0.941911392737066,-2.574098789708151,-1.8068328705048493,2.4347656032845384,1
0.5787625757733208,-2.8695765377735736,3.0775593435043866,-0.6635269845089584,3.1674376134489433,-0.35278480642528454,1.64602105052829,-2.3005761705599173,0.9935139876680745,1.3985024478358539,0
2.1305431376590502,0.8311297769268943,1.314301879764904,-3.504883628104708,-0.47302026755568416,0.7845022545946589,1.1099610949035175,-1.348217212743663,-1.3215834445202934,0.7804281278370153,0
-2.877654541108913,-5.3733173068304705,1.67570405729227,-1.9014552018157804,3.9443069054648197,-1.2861585569660845,0.9865050233279768,-3.4937713157533676,-1.4868847488791732,-0.2133780613197881,0
-1.3693814372084645,-1.6086071667562873,1.7401701932928568,1.6384731897754081,1.3893770413079647,-0.4660456957718022,0.483436407202959,-1.3482851225805415,-0.47980471535857794,1.2217140366294215,1
0.05372230124249078,-1.406161298937688,0.7974334319834935,0.8846892428418472,2.6235866833712738,-0.5405027152200024,2.555104411514578,-0.16856688569331962,0.5741986344389329,1.0137485643303785,1
-5.3086263169926715,-6.339099635831127,4.522238786995145,0.6212448097398406,4.539580747236844,-2.1708445419809173,3.0409455460925408,-4.946877639566761,-1.2544397989157945,-1.534877801084684,1
-1.1397084413045444,-1.9581551550103673,0.15406700573530863,1.8699772211788797,1.4686074045965025,-0.8570732501410384,0.5018030730643394,-0.10664523935614595,1.075078184449773,0.8744668018749618,1
-1.2975024643793354,-2.1259606931130697,2.773761976060614,-1.2040029471160871,2.106498812778807,1.254956017463779,-1.1100442912825803,-2.6844072990564953,-0.47257134932094425,0.3465573528692375,0
0.9793791770981473,-1.2629161549466863,2.4557009962728156,-0.041117110276192026,-1.0134359070051802,-2.6874406475505963,1.13840838915646,-2.5161360925513367,-1.5821289667603258,1.603233393159167,0
-2.597066448281983,-5.892981055298408,7.2115902620732175,-1.3922918882452244,2.820015616136634,0.5802822465710851,-2.7765651618048954,-6.921504149689564,0.1655690301244339,1.5249867305699003,0
-2.337447622910555,-0.06013027301636737,0.8154538161386184,0.34929348554828654,2.812146684165705,1.8467324954957556,0.03264384575476598,-0.6089640401847999,-2.3924515986710175,-0.708238815537217,0
2.2669993596709235,3.403992996609774,-0.9765596664239335,3.4190647595817527,3.3266940671370593,0.6583592480298,2.6312030844226073,3.603650477068086,-0.28384403344034603,-0.454910584455684,1
-1.937781105314044,-3.4889333368174644,-0.08406812427181953,-1.3299905730526835,2.3065302058609127,-0.009940693914564536,-1.240508067611831,-1.836835741222187,-1.2502578702946554,1.4078896654662885,1
1.0041359000928691,-0.7487425454759454,4.326717092534853,-2.647113453267428,-1.5732199396841937,-0.5010065147735643,0.8399878068201863,-3.516829293234889,0.3724193363491606,-0.7038660195816118,1
-3.968910955272789,0.5384480105257674,2.1536714244166393,2.692235155782332,-1.416120447484469,-1.3995896887995753,-0.8126800768832636,-1.6261922383449563,-2.726775742598628,-4.570148933753558,1
-1.034110633227679,0.3717818926222646,1.618411007985238,-0.5869754302173676,0.2097449407598505,-0.10153683253441681,-1.0061249094920732,-1.6226548274896528,-2.7798591520203555,-2.363054253473087,1
-3.1938453813490923,-8.451161124930431,3.4578448367156565,2.8825791718737923,0.2616549192846276,-4.947012753751766,-6.024009400368538,-4.991717010165528,2.9463496189825538,0.38704342919458534,0
0.30907313537344505,-2.0634747782269236,1.2348911250938486,-2.0599284807475007,2.3671930206193856,-0.7467219353642662,-1.6663977008914823,-2.0105633471748647,-1.4101821462996051,-1.5605167730773357,0
-2.1562279541722087,-1.0952439121019562,2.1236841671022773,-0.3626197447441498,2.5603234033418367,0.9455014543747999,0.4733022459244747,-1.9811978785944164,-2.3084540322345024,-0.7442439711566137,1
2.608291906077012,2.5079129674144887,1.280279169986806,-3.1781991177489965,-0.11553788628882922,1.979024391203038,-1.4359967811175571,-0.7772859493748194,-2.3064735629379016,-0.48057502343599123,1
-2.9744859839877114,-2.9650146734629605,-0.11354093544000587,-0.1363333355793548,-0.5007785905110789,-1.3567136800788402,-0.7384520303910229,-1.9738954186414817,-1.5478806734247967,0.9954726104822991,1
-0.7683570314747616,-3.9868507881629034,2.2226705540112843,-2.107506473215662,0.11741353973641022,-1.3657788696298903,-0.4153446450190973,-3.3778827196045964,0.7897358168705393,0.8032400754625615,1
-0.9840489357766253,-3.6995555131463282,0.1355222627936905,-2.9174507099998523,0.7826210051859102,-2.224917182688637,3.2167171645179984,-1.987433588736098,0.21915102070492543,-0.48990646392221304,1
-1.034263538514148,-3.157616921772754,3.0018317877710636,1.9127543364303543,3.0296027448322804,-1.6636498765875256,2.010399116465875,-2.616545803779113,-1.5587243555379688,3.0089638203584483,1
-0.12809362651850797,-1.9128352196929865,0.07516453439787729,-2.842861510352548,-0.4450232758199413,-0.9920371459860898,2.5275542682180836,-1.6134435924082389,-0.7104589623901598,1.4233901341748456,0
-0.6747718115238734,-7.6081096646148625,2.39045878674458,-3.1726727692187437,3.190116570342889,-2.748825109591054,-0.3081136191025655,-4.6333350186396345,1.1841814754733926,1.4748740792101735,1
-3.965912301068461,-4.875987809283805,4.168619804739842,2.36692841252567,0.2449437004561621,-0.37799883512884325,-1.608737133903846,-4.235684884597959,1.0409400668384465,3.685478394625557,1
-1.3930184632977296,-2.3270068006453757,-2.1067233621286485,2.676706533307961,0.2939884640555379,-2.0588011151861263,-1.338596822138416,0.8748934179395993,1.016912628200501,1.1559246298694819,0
-3.050339896846717,-9.237607176112055,5.829756410968642,-3.1149170637135457,6.292681343897507,-0.8931576923739959,-2.299405902781931,-7.740489296572925,-1.6544012211587364,2.1580260436700445,0
-0.35661815347939385,-1.5728407923076813,-0.7587803063968932,-1.591398010869192,1.2817161218071969,-1.2238261578775764,-2.4952825688308042,-0.9537232596855321,-2.05888216087821,-2.0482916412735213,1
-0.41559668329834953,-3.5082863390208505,0.5515457217133388,1.8690092454515743,1.7982102885556195,-2.510460814381519,-0.7392319662108375,-0.8682323472871541,1.6042741051780776,0.5855239233509413,0
-3.252594078206992,-5.419741675625497,3.19774716940341,1.132629882822728,0.6046931539025842,-2.725988871568855,1.2826058869013686,-4.33492618823781,-0.8152766705223486,3.156533257146262,1
1.1242513832089192,2.04269155247329,-0.3932566101102217,2.9395524482002453,1.7800311512706202,-1.9097868335441897,3.395653470336141,1.8974326303048075,-1.7584688506370518,-1.6048075156562047,1
0.22746482549919644,-1.4255166177133047,0.5890688606370384,-2.3060589239110616,-2.0532544089923097,-2.748109459807102,2.0847171275731204,-1.955296430577922,-1.0428621857996707,-0.46098549811369094,0
-4.383842030128706,-6.62657484809402,6.65435300248644,4.866820130596994,-0.029157389016571056,-4.37973624988872,0.824015983758442,-6.075583720187032,0.47938221699647965,3.3379489784522614,1
-1.4733581011891266,-2.3172271962088202,-0.39302134287486545,-0.5247110675781982,3.071061571860836,-1.197678434230782,-2.6389799702604444,-1.082537167871962,-2.3444105662650014,-2.7895376238132146,1
-1.8006668642017991,-1.008905233186449,-1.4722484736867292,4.502037814632409,-1.3309299529229428,-0.8351373051876405,-1.387881233324221,1.433919048836474,2.382403930567426,2.5081016157813085,0
-0.6549822257423803,-4.340349019554669,0.1470163512769087,-3.2258403414910886,-2.1570058240372503,-4.3587146914932635,2.8080351159039783,-2.9650989964773444,-0.0015114194540306602,0.2505517134955215,1
0.7781007532763087,-1.971196810800643,1.1156786594852979,-3.203315823175771,-1.8521160469162363,-1.653252568796682,0.5328313548702652,-2.561351618977279,-0.3744970237602019,1.0042314300922932,0
-0.12738109768998562,-3.110235526291452,-0.08676512413306758,0.20581347178977438,0.22724446915429408,-1.2844559289749853,0.08773593513689715,-0.5483402959741005,3.0162744834260833,1.7438412803623922,0
-1.1564653750403233,-1.8548438269342142,0.2196957576531191,3.647828492662149,-0.5529115977775372,-1.547760001318964,-1.6278990925024792,0.09557552665783259,2.4786306656811643,1.1733616643838816,0
-0.8986279452926152,-0.11390721231763946,0.2623392608763674,4.064464533554216,0.6391002845841848,-1.678437992100973,1.3243734669481648,0.9043068742288639,0.6580957509963452,-0.3287187812170578,1
-3.9179542424185287,-6.524065491015444,1.4443892592221987,0.23116780997873132,2.1634668845197647,-2.7271054770482284,-1.27787462755051,-3.672441976081027,-0.2717214184265154,0.2379515956304461,1
-0.2982320962132533,-1.3011392167345868,0.0873278190216884,-0.19051992602997747,1.0831140081908681,-0.7036976605847379,1.8174485619942247,0.21224545147161578,2.345656965116647,-1.820353323525662,1
-0.5368753662439557,-4.35830670558909,1.8280497502887012,1.9692070804885635,0.7936040284921111,-3.0687134296095055,-1.6834647192999548,-1.9537670251060542,2.7278380894028906,0.40386749431882907,0
3.2800770355666744,2.182270236349414,1.2791282945513383,2.4653809900192707,-1.874245836018917,-1.5555188689748307,-0.0526860528988804,0.2675175756507086,-0.8899027380112088,2.8778663586665427,0
-2.631385279803018,2.9205095510858965,-0.29572326324579423,4.053229485853211,-1.5254323786061386,1.9302585734056985,-2.209072293692985,1.2523887160630982,-1.9622656959697713,0.4025744043910455,0
1.566942704803082,-1.9166173950099143,1.5619824210227764,-4.084266940306852,3.0149671813979735,0.8763652181809352,2.9060444013264943,-1.6280849721724175,0.676400601758375,0.7142701883235241,0
-3.5034280748286113,-6.703358756348507,0.7435824515495076,2.4702382243744623,-0.16491566038108663,-3.3596534431338085,-4.419088108328113,-2.9965939197431903,1.814407147323126,2.138744378724848,0
1.6263899771778545,1.0377221697924617,1.9991399086596329,1.1719867015475447,-0.4008225489194508,-1.4029118537739267,1.0272273193682206,-1.0494095106558567,-2.470726783183625,1.6590420340784606,0
-1.7626098053165313,-1.6703455799122522,1.1809823758698539,1.8094666126326393,-0.7169960866357596,-2.8002912153876203,1.1610250728901415,-1.0620157136872719,0.6726031143821511,-2.215744657562462,1
1.200691447211056,0.5018123435263345,1.5400876092940865,-1.0564433591842264,0.6590169687725498,0.685417193044525,1.074096607057066,-1.1867245076710253,-2.057944541382149,2.3259475920242387,0
0.39489012398959067,-0.28227139642835253,-0.09901605981396866,-2.731679454268703,0.18684894048563017,1.4005032903037662,1.8496050301105824,-0.6421690823270398,-0.6338188551316049,2.4161009585190083,0
-2.8241149786283986,-4.0595129539510095,2.9552504325421047,0.82918594729626,-0.07771310987200164,-1.3676756140718602,0.7555671172066081,-3.385764412415692,0.7120534103152976,2.0315492165393203,1
-3.4139747960427274,-7.385885274527649,3.2007953247449246,0.6518715157381308,1.1969244422161778,-2.0838081141664846,-3.762084628475363,-4.942635641624228,1.3390593847073553,2.595650710660644,0
2.3645533894920785,1.8169642479408472,1.0534979844700747,-0.7405661598037778,-1.5410825598477014,-1.29708501495546,0.10545542435204491,-0.690544983137398,-2.3699285631029303,-0.22538758999828157,0
-0.5422840170850771,-4.123390120061578,-0.2801800795726337,-4.4471834222297995,-1.4866753780582491,-2.4682285883085333,1.2414248323443002,-2.854885565387136,-0.15482403417590596,0.9851817796566167,0
-1.3392717839104962,-2.7225096044798254,1.5936179635525352,1.8537610084711225,0.6941667934682161,-2.6136315240938766,2.5482953002067035,-1.3949608826433115,0.8734338013901228,0.38703011305038804,1
-0.562851822636056,-2.0571918718640263,0.6843807537426505,0.34259027825502597,0.9994911834131347,-0.25647146934234955,0.41484428955300867,-0.8698646637230757,0.9637782267438242,1.8462140691229136,0
-0.7679171742010836,-0.33849511128867615,-1.9177468840115404,0.8401854519350425,0.7791296831557217,-0.3894692533715527,1.2479878630492467,1.233989956286893,-0.3185219987620739,0.6840392339103117,1
0.7847361491582256,0.22472235978540647,1.9894493596000318,-2.551110534329993,1.2357601099650022,0.6008176052890708,0.4108534925080558,-1.571043102852557,-1.29300325581677,-2.0324206702197527,0
2.3012609590861732,-0.15113695055170567,-0.6377976251844586,-3.240389377720134,-0.7403788148812049,1.1449339055233299,-4.0894114136540045,-0.8617700056755179,-1.0733031505706463,2.5012315581121474,1
2.373070414070166,-3.580207903376712,2.939757277038604,-3.1983171418928853,-3.52885263239422,-5.042784290254847,0.07467696924246936,-4.418039183755194,0.41805007359619717,0.6867336310346864,0
1.5691375956621498,-0.8937923490276504,1.6748563779923769,-0.7733206989493628,-2.259892214599283,-3.597504480825653,0.8010847998481854,-2.198264240905649,-1.4343392823410013,0.2207283232290036,0
-2.2530671436464047,-8.084164546572511,4.400092897364607,-0.48654912885840407,2.213672863448739,-3.7796670884950716,-4.106638411570537,-6.064382420757035,0.729424132266207,-0.15723855957183375,0
0.6064651248173197,-2.05985059047046,0.7529185368763756,-2.643153784704293,-3.9317771645708337,-2.63866613213876,0.07160933130611746,-2.41247058927578,0.7906586965480167,0.7244193786419478,0
1.8875707084471032,2.921839120792662,-3.1092403605317207,-1.6418623288349854,2.9978209015064707,2.1142716051846007,1.2319980895927531,2.745528450114837,-3.3113561450542415,0.15898056523764925,1
-1.0500882414516357,-0.09006240379189176,1.0046815450981776,1.3126483879335025,-1.0764047495334748,-1.7654116253669785,2.4197091270319033,-0.6222975297157438,-0.521067257024983,-0.8235976557480231,1
-2.6102210748560584,-4.121247299668672,2.135144540450378,1.4011542682525808,0.6650649429797555,-1.4861997448711453,1.2429311025653518,-2.7385650344144814,0.3652800720747482,3.156242257068733,1
-0.7031372917123235,-2.789488784758392,-0.48887791483216825,1.0478472618328114,1.5910664247600372,-0.5408380640605656,0.44743356311343185,-0.03489289712380232,1.9182448545371145,2.538883740035196,0
-0.5952403236762825,-3.3931866685741823,1.0203202403086815,-1.8165730331630257,-1.1629420234140888,-2.635662867893817,-2.274020433291228,-2.907179270432191,-0.2559979315750741,-0.7243851613111592,1
-2.490242037114962,-8.979298959619369,3.2818325257107768,-0.2656579794398579,2.8888363028412227,-4.039045515704355,-3.408473897335469,-5.585336866145406,0.9070632563583227,1.2825297745707331,0
0.1654559143271752,-5.087174442789667,1.5639596321232505,1.689612669500752,2.005999381821994,-3.54173396696281,-0.2524117485823669,-1.7567413931707747,3.0999897589973293,1.1498368258298064,0
-1.3982093408904404,-1.9425693547908665,0.11825402131408391,1.097329575973254,0.1970398961742552,-1.413081196418517,1.7608527493478907,-0.5445139308012166,0.5637792980522984,1.0025906730750727,1
-0.2916699894659446,0.11897659892155951,0.21499487423576313,-1.3507893748166544,-2.3909217718105875,-0.831246602655217,-1.885569288657121,-1.1582481667822873,-1.1169210479902871,-1.531433383559777,1
-1.3341672021055964,-3.4395988761537404,1.5326915521768771,2.3320525975754967,1.78775720333241,-1.935145170262723,-1.3521210087058715,-1.6732746156204013,0.5569772618902615,1.0370622884751626,0
-1.383926985137437,0.3174827291469937,-0.4988168505319499,1.0391675085852585,-1.0512587920672176,-0.6332500102174031,0.235312113944238,0.32414319074857767,-0.31524516642951717,-1.2702990041159128,1
-2.7937402396066524,-4.675817664723149,2.002272600890007,-0.7417810170731893,4.325929715848938,-0.9084976275862864,0.07694756008890291,-3.134140522558877,-1.571958907009882,-0.5082619838339267,1
-2.71446161204328,-6.708729206801528,3.231229602734585,-4.388149841191521,0.6161237887053361,-3.4168227933789765,2.4033177601111606,-6.283544066634709,-2.395967379474359,0.7478412352870083,0
-2.628489928644808,-4.846906462824624,1.8663374651324367,-0.8103912132438119,0.5829013487660599,-2.5956348018708613,-0.41903383092540947,-3.5351164999269833,-0.22157414452675595,-0.6193775291103247,1
-2.440030949297725,-9.036335333518466,2.795018106969243,-1.9401761307985002,4.045366666640913,-4.704053716105432,-0.6803925202522793,-5.281391463416508,0.759289466853188,-1.6632044296884732,1
1.6004067847380077,-3.078858439534253,0.2988790834799435,-3.910375249135128,2.3537671402158304,-0.9960765295757034,-1.8142361530956805,-2.0510218024046836,-0.6494982295680006,-0.2252952162780213,1
-4.377972071911281,-7.024980730985764,5.328177041669139,2.139404601776744,0.18183210787547943,-3.4797967207004517,1.267600247406579,-6.380025628058091,-1.2065479058720607,5.016647727030692,1
-0.5061291141112133,0.20733055804238748,3.2481737186308175,1.4520750825966129,0.6034897671261014,0.5608836961520816,-0.8857514167416256,-1.5488055224967998,-0.21888460868531245,-0.6108235226146872,0
0.7169796584438299,-3.1583662625714806,0.3194967442233194,-0.10815731921385474,1.2083496163046574,-1.9737696301194902,0.8235532089146413,-0.6997386492489397,2.5745920934591844,0.9439766277317837,0
-1.582311844169132,-1.294013287105473,3.3219123923420906,2.947527447627505,1.4546657658454063,-1.812477042021733,0.7420331879729822,-2.770567643565507,-4.105092231743778,2.136137819692585,1
0.802737797039946,0.004248638524210957,1.7146867545357085,0.5197541069752176,0.6759085765516466,-1.0690058724750116,1.1168032854026202,-1.4355628575514603,-2.964668057606379,2.0499427918476334,0
-0.5933846760657957,-2.1600583263961433,-0.007575034737588693,-1.0117718544876606,0.7425065143628027,-3.5153064503722824,4.096767220484943,-1.54320700801854,-2.8889644606687748,-0.042705412595388736,0
-3.177500744607002,-4.221644690512014,4.236382588554976,2.9257166766239884,2.56746353776731,-0.9043560012844473,-3.5515547360642907,-3.9255205859296107,-0.8767780630266799,0.9719288759000492,0
-1.5172089577193626,1.0718503709042624,-0.3088608030076798,1.3410281745052848,-0.7249181154301136,-0.6467446582707829,-3.774348972354101,-0.16175464780154644,-2.929813058093381,-3.1492624042756656,1
-2.9686439312383124,-3.0857132906730596,1.1972416196165823,0.24256724892038894,1.4446361339112186,-1.5503782239359167,-0.6006919415990303,-2.289318334275796,-1.4323500689758124,-1.6044452509392795,1
-1.4901159345338568,-0.4406094079374236,3.51833014807793,-0.8404604228480442,2.7069428851596555,1.102138936222185,1.9815733466442038,-2.425583662600633,-2.1940479036309335,-1.508603379761085,1
-2.4031618912813,-5.204841194512507,3.101668752964214,-1.624989220775927,2.6732313828379923,0.048414125270964226,-1.8247756881051056,-4.367783869159303,-0.5346040353278994,1.8138147682987174,0
-1.5574490289476686,-1.7996821615520324,-0.2849596582691172,0.4894955607667214,2.0259956346005374,0.08815504719815692,-0.25528628948104437,-1.0468294096279647,-3.0351958238811463,3.375544660392336,1
0.34603449006596354,2.9154703332899596,-2.149930823611774,0.4113452166588345,0.7848630750695018,0.3283106893386256,0.5018508714541138,1.9731066178187766,-3.6831750230908913,-1.4089223265728086,1
-1.3902588801076567,-0.7513441988491202,-0.6782481786801078,1.331921492473382,0.8277962101208894,-1.0134383127460804,-0.3878952288484423,-0.15823482147633972,-2.2138183806191027,0.3960897420669317,1
1.5253244256756437,-1.4533257515604185,2.728735198867116,-2.522762070839984,-2.385506959497026,-2.8392042069807983,1.0571806908661863,-3.2693952752135407,-0.7840462012424119,0.06265568608652172,0
-1.9894321502984238,-1.9382674194182012,3.4143066709560284,2.418072145363283,0.5649647304947395,-1.3853641790187605,0.2547177773309367,-2.8499014150287674,-1.7519279680404636,1.5483553644055,1
-0.5461774750683045,-0.9052260551138934,0.6757124152445345,2.4176535625971995,1.482287237747118,-1.4605801766338296,1.4413117197241092,-0.11580659263733403,-0.43186920979787935,0.5888950403052667,1
0.9530035220834684,-0.49955329145722766,1.7089975675186277,-2.3098793390420607,-1.8476453594594655,-0.23075788108903283,0.2920154769528299,-2.098104140962594,-0.41822586042180077,1.5569372468874296,0
0.7472650972969088,0.8311364093083089,2.105981255339987,2.9545784145984104,4.471349019468864,-0.1628966697760228,1.4961473042560072,-0.7374186955564019,-5.567838414765653,3.254994678224448,1
1.2985288448596513,2.03307376673979,-0.045218388087303385,-0.12183761444789232,-3.3878423586853597,-1.362713143322952,1.2881961516452827,0.24986520644254098,-0.6856487015679277,-0.3192968818183173,0
-2.2376382133971617,-0.7488264764334982,-0.5624582159076885,-0.2092026362094659,-1.0078612016166255,-0.03734650728740596,-1.0099537281172835,-0.8847587752584952,-1.922812274054893,0.5105013759119978,1
2.6902725626937345,1.536281491571338,1.4532137597417867,-1.020014797392822,-0.5167896993697091,-0.1931581347809741,1.1159282995550643,-0.6591318316562106,-1.5195258806244136,1.3869913420315638,0
-0.7071455756671764,-4.434809910834209,1.5524547395586668,-2.769511294105052,1.277998964025876,-1.5731934027276495,-1.1744716937763824,-3.513061916012713,-0.7766048780507893,0.753079844651138,1
-4.059281299637671,-6.5283145559674,2.7252618335318446,1.509932726514164,0.4955418148979617,-4.22208180431858,0.4977179193393281,-5.165193435931832,-3.14043734712746,4.108739879288543,1
-0.34245570508588474,0.9083604439439672,0.4452450485847993,2.0381317206262475,1.628248314804197,-0.914210522130591,0.13826956312393768,-0.04503218270413068,-3.6501171028728594,-0.41762064906677043,1
-1.818536784067482,-3.808613757173101,0.7524947114181886,-1.1575316884988227,2.3178906737294427,-0.7898403032577721,-0.773881397720693,-2.2657510686409172,-0.7325866976087788,0.31541433172020983,1
1.5581575262417948,1.67753230762819,3.4735373129445115,-2.151943038860853,1.824415980169688,2.230126254304767,-0.1841740026632801,-1.9211737644265316,-2.5260794149662136,-0.6145763746597325,1
-2.952940145015319,5.637064044786336,0.24420702573274222,4.155710235294714,1.9841939966974638,1.5808629429356096,-1.984867292759422,1.9234825306720205,-6.13309261440634,-7.744300570799585,1
-1.3129218770913296,-2.2198267653934263,1.871587407812687,1.1144493945705327,0.920133931953,-1.0736269437203854,2.393741418842856,-1.974753452428341,-1.1295312699521902,3.2040216142632163,1
-0.0570402363238276,1.301182178278479,-1.3839700979120908,1.3962900894069423,-0.3549080488032561,-0.3421420110582354,1.9550857861749136,2.068244770813934,1.364580010711921,-1.5697370441227474,1
0.6330635470787377,2.3025147030307975,0.4663343401444674,0.44291828020201707,-0.9763411377140794,-0.9735976062365633,2.8770858976028713,0.19924404802146575,-2.683822442622585,-0.6919108365917626,0
0.013856442109798639,-5.051658782517144,1.5558942188187121,-2.590622706951409,1.4106929503703316,-2.4869661708177953,-1.220150560140494,-3.1219107225969607,1.4773096395398344,-0.7701542040465506,0
3.405914215969675,2.760355283342034,2.082788155868081,1.5717805447708761,-1.2286005033707919,-0.5606870158577988,-0.9034036114280555,-0.3023312464439124,-1.9954336482840194,2.149938287862179,0
-3.4100169454779614,-7.714955424280649,3.1271796384921324,2.815116650173638,2.9233506884442733,-2.3955728453885694,-4.229417650389646,-4.083558090626745,2.281429663224694,2.272837973620005,0
0.8786543644780809,-3.982468811660041,2.7049664223327214,-2.034727543317784,4.010671939439128,-1.4050081036735902,1.5093326940464997,-2.841512488574419,0.27965710214263073,0.3810574680078078,0
-0.27626881790437985,-4.605013573051427,2.415852205093465,-2.551318192890479,0.2716595527499518,-2.6849047727895154,-1.0284490052509487,-3.904078470442131,0.42627468490656484,-0.5070208024254187,1
-1.4094954502529373,-1.0743156748064857,1.7374217265996537,3.890878869260513,-0.13807776921641546,-2.7601650132812057,2.078723091006059,-0.7227535989412415,0.046060036513763114,0.06247907014818299,1
-2.00208265474213,-2.367156909413342,-0.7814395159997516,3.2821305856054988,0.3157370891642778,-0.8398548300619562,-1.2891420850566553,0.2698248101739536,1.5268418873639322,2.599886723293099,0
-3.2680720231955034,-8.69832648366035,3.4261173200379176,-1.2720188262877004,1.6532863035396461,-5.080114582742251,0.1293617331020802,-5.679521454541595,1.3671052980699134,-1.36923888839434,1
0.8253362121422849,3.0113023810688198,0.6259218419371806,-2.1289417157642223,-0.3104634383657575,4.715352436316783,0.3023372004077114,0.32527345748097286,-0.8144481593872651,2.4869009823972963,0
0.010735204834834589,-2.5614707097902305,3.0997909622969217,-1.6074476247314182,0.3426748916335809,-1.8639892787247103,-1.2323527484922416,-3.3365638773154442,-0.2578176196135956,-1.890574633152199,1
-2.3196164387396614,-4.668703340850943,2.651392543860675,3.0571498850870134,1.4070459641619881,-1.6506987759380487,-2.442893356704034,-2.6595047939839302,1.7114985107153329,2.1622486899802515,0
-4.495271443151981,-5.82343412043569,2.0636796641219473,0.2466814071270771,3.046128877822121,-1.9498522004872285,0.13358095199690023,-3.7574981094197764,-1.3052876253403343,-0.2434245188561488,1
-1.4109022731606384,-2.8278773761430545,-0.6503916736755306,-4.222243851770948,-1.4056852232681014,-1.0173608388715345,2.7754781865857936,-1.938222899181118,-0.08974275783525831,0.5412373223186889,0
-1.7606115914609477,-2.9044714796995663,-0.1957761669906073,1.7455172427680854,0.2875653551603622,-1.0177446558038543,-1.2091018260018933,-0.6951278151269967,1.1503410393753537,2.1756204180264547,0
-2.5951225796602273,-5.653742196791534,1.7001246415603835,-1.6363795193909219,1.6364664292611653,-1.5651190165492734,1.1133370242105023,-4.27026503831549,-2.3311388465848295,4.591500087702223,1
-4.370262893454991,-7.358997582124676,1.1436433839236066,0.6817615731296045,1.8605155367741968,-0.1944933448790369,-3.0368624404606175,-3.5423398193945594,1.6989493755422607,5.110750541933305,0
1.578326281227259,0.4604867165332187,0.6553326226918688,-1.1198398355133012,-1.692059739376738,-0.6431614434860699,1.1737033681399465,-0.7009508340820146,-0.4167564442209687,1.6795996024760034,0
1.6959030006460074,-2.6970953651645857,-0.4158609974019083,-3.38400652780856,-0.5690081345887048,-1.8666831879363264,-3.3128941753593475,-1.6523284381583765,0.6611118667095424,-0.6074154166222285,1
-3.084907565208251,-6.8460854565157065,3.388768873329859,-0.7768137056699393,2.3849746118527744,-1.9145421769099507,0.34063082540021916,-5.685868267535271,-2.785734894093639,5.555535110450426,1
-3.7281855769872587,-4.532098659335035,3.4192378686082616,2.1308715960869,0.20006582941550488,-0.810539191386759,-4.537314398240479,-3.991851388358376,0.26791123551022755,1.3892081920885482,0
-2.4984074950973323,-1.226441817880657,3.5870872117815207,0.2318258563646498,-1.7649997615565447,-1.5384227088104234,0.45395268446761383,-3.3264225096352296,-1.1742269497891344,-2.1373386543800916,1
-2.050182106257613,4.1895250306641545,-0.5012931074843368,2.570209671429158,-2.016746996965444,0.03144071616693389,-2.741833905262455,1.1501876363685593,-3.9836170933263437,-5.469394291530293,1
-2.0766284668797006,-3.904776876271342,0.993061903419063,0.5365631008046783,2.1361002969861347,-0.1879592244736643,-1.112427460587218,-1.9360739914557035,0.40139350518776395,2.4354207046249607,0
-1.2022882514171294,-2.410200406157258,1.155231306717703,-0.9532357861701255,2.0377293383822193,-1.2573412065443592,1.326145694498906,-2.8640218507781103,-5.134618355934194,3.229874704419519,1
-2.4359073768516826,0.3302846680129028,2.5616331188842496,0.6829726033093826,1.111850235887805,0.29090244631685147,0.49186604204405615,-1.7677896815620628,-2.777161800374739,-2.7794024373754214,1
-0.8410662861581271,-1.0569751188774243,1.7723643751543576,0.8046187366885764,1.4482649329687405,-0.22489979745474775,0.8466257822791653,-1.2783682305934534,-0.7325901033174191,0.5566806708023216,1
-1.343712702270856,-3.822862886096193,2.876758838939569,2.7592800693263504,3.0921375768878256,-2.9185373434476958,1.5674250595127348,-2.522328311532748,-0.9107799995231465,1.5477828133757818,0
-2.286289980662473,-3.7150385815767617,1.8618200782979657,1.5767588885847403,0.4286602251104161,-2.469681768670826,2.212664420223975,-2.5271370717819424,-0.4487922413952572,2.6177021561003784,1
3.993841901103302,-1.8993346317795612,3.6586084073791785,-4.039835293264828,-4.047253378448892,-3.115602572979603,-1.041471762607421,-4.109956747205763,1.3290454768246434,1.095401515382116,0
-0.05058257350028761,5.535389122501149,1.5355589446289932,0.7503228607101093,-3.892897969039213,0.7348315060143822,-2.3233982578241577,-0.06771275665777446,-4.051192166538645,-4.44201474556366,1
0.2453445869143771,-0.0398329726686416,0.05901362946216726,1.1317930032315784,0.831081633595798,-1.1377215250097519,2.6712551863775813,-0.1004057200335968,-2.236378746719689,2.489193545406673,0
-1.3787373655240556,-5.689799590374316,1.9805552013983165,1.1418798902445004,2.8098468354373862,-2.1110043267809138,-1.3360378783708335,-2.683281250627322,1.8619400744789563,1.8673456250414877,0
-0.4044780651112361,-5.389290685871454,1.0405642005136915,0.47860619526791415,1.0745343271035417,-2.730865222224559,-0.9278607256559714,-1.9477599938955936,3.5929962724759594,1.5058207660953815,0
-1.8751419655439219,-1.090153827040175,0.7216553159860586,1.9674273729196314,-0.8424326469881434,-0.811241103497364,0.5711543972273734,-0.39212152216856694,1.479231517243483,-0.16264875464751483,1
-4.691587018841942,-5.282989370070297,1.8226286793745605,0.7571498254751803,5.278843605353782,-2.2863803494041903,-0.04023172623144511,-3.2371521310297817,-2.9676747605103797,-3.0350168163115305,1
2.4206959533931505,0.2426779019703313,3.78415550889183,-0.8183131118881934,-1.653156832887035,-1.055790405460824,-0.7369959099532513,-2.8709045256745056,-1.354053598688859,1.7508186330613138,0
-1.4127239169174353,-3.221028888033744,0.7678248716028435,-1.6560714214050378,0.6558648577623993,-2.9650692253186537,1.3907689411102515,-2.973577367102283,-3.535826656490215,0.4154958876036621,0
-0.8039255576070021,-0.2630579251866139,-1.4358272260085203,3.0282448719138646,-1.5198815647598554,-0.8263692790472623,-0.6765528467814268,1.4519279023120968,2.0737358034016973,1.3755422413761544,0
-0.21882471069680764,-1.9885227848436517,1.493117283017674,-2.000669655803631,2.2292319854105895,-0.5104374557983673,-0.8589364438848086,-2.193210514667992,-1.653906694678549,-1.2775094648889587,1
-2.117344736904187,-4.357807559007058,3.0076295524269367,-0.15785243843762897,0.5663222500336405,-2.013665860194539,2.4297622796136578,-3.8369201361630014,-0.6264341898538777,2.8989742310666076,1
-1.4137789632647704,0.2374990121976007,-0.43877767023126824,0.3498835771135902,0.49552994976936215,-0.5566761930073202,-2.790682441807066,-0.34310288913097053,-2.8234613376354316,-2.9656760760497254,1
-4.77827882750048,0.24337113193276888,3.30705280820297,3.231604172492,0.13354387947579682,-0.6013552416737582,1.0695060343936944,-1.9656370709568802,-2.618805847658607,-4.153123799917711,0
-3.083101643419325,-2.8447860664365012,3.2721918082658608,-1.1469620839234753,3.429803837364428,0.9356038776023647,3.120565161472264,-3.2029703504180103,-1.6638317398861897,0.3400483361721063,1
2.869890103848152,0.24367704239372945,3.1227785242100117,-1.1379677129615806,-3.4848261200383863,-3.6816029271916797,-0.029713511434631856,-2.7641963235463347,-1.253529260149942,-0.815464284530153,0
2.2321610198781308,3.4352125565410523,0.23927799468838573,0.6484750022468513,-1.0010530701590037,1.0372190960225895,1.5782522133280033,1.2299391383078098,-1.168601941820546,1.6986680091508435,0
-0.4815458096612515,-4.871699447478581,2.3951680650688707,-2.1438130730571308,-2.3997259093992738,-3.8792825087744616,0.9742243686447963,-4.395458424070707,0.3623519802153068,2.3284174427046067,0
0.5585495990309203,-2.8074963687116323,2.0931273027050086,-1.8715982461399188,-1.0548616304446312,-2.4274922757096595,1.2268570517941553,-3.153556381753039,-0.6232592771824044,2.129767284309654,0
0.22852205090334055,-7.165819047634001,1.5774451810165149,-3.435530077619938,0.4673712782622782,-4.483481101269367,-2.910465284539403,-4.68160450104106,0.8187131563493997,0.3191291214020209,1
1.0062068511536288,-5.441367686814511,0.5529324289522163,-0.31653510952090635,2.5982634009925762,-2.46933467878449,1.7496647704172827,-1.1404157848831038,4.452475832653914,2.6358965239640106,0
-0.6251347946930752,-2.0652432849089326,1.551940159695996,0.586382294618793,2.2686598138717105,-1.3737176860953595,1.073562672752934,-1.3176819122985501,-0.20478632177153666,-0.6750937204296663,1
-1.305522657682592,-7.655321290802891,-0.5462036733577822,3.107843357707746,0.3522780089997978,-6.056137285960667,-2.9241414839727415,-1.6012158796577851,4.3806205123336435,1.42145343635932,0
-1.944762137913648,-7.684451012084255,5.498636825009665,-1.8917467756946909,2.951722878187785,-1.6410676574346144,-2.887984296082827,-6.462305629616469,1.3255769598864946,0.9137147467142601,0
-0.6706892378695416,-0.19090792150377214,0.19007681808649557,3.241131179957142,1.3878979023138072,-0.9254413956601728,1.17170108997152,0.8311950985672638,0.42004777516596503,0.08250481750155925,1
0.35442614602666533,-0.2506594843213585,-0.7737046473586369,0.27180628755533287,2.404755287194614,-1.4995294844993428,3.4970158837633383,-0.07432228810594774,-4.4789054455096355,2.5347624647154614,1
-0.25888859869100844,-1.1695239276642069,-0.18282691670201334,1.2287275851335953,3.3397780822741945,-0.1993423053043084,0.566452394113488,0.19883296669453088,-1.0528166223164954,1.131048113600391,1
-1.1648115650195707,-1.7539651064642152,0.9826120611010448,-1.3680043476862342,-0.28647928708418613,-0.8817140475334798,-0.9517705017558367,-1.995918302739913,-0.8466307462210598,-1.0970420421602043,1
1.113315137932169,0.8507386114973449,0.1742727782958382,1.1005707766305075,2.6922368044467433,-0.5741438900161708,3.3994305908439246,0.7376755807639426,-2.019084078770041,0.7959846859965893,1
-3.665250375827439,-3.2401436257599965,2.3232325303257713,2.9938400963430034,-1.3322837183065628,-1.9221618456250538,-0.6156072896578426,-2.7496059118615648,-0.022129370809072624,1.9321084689444796,1
-1.08945206969002,-6.0974515966420935,3.8441045142133836,-1.3107843565024193,3.106823188155813,-2.1792296211712383,3.511790269907384,-4.349614664037265,0.9879524660186985,2.6596825016261367,1
1.5785128098707477,-2.7463577104961896,2.5365503946550128,-4.520827908916812,-1.0140250593955167,-1.4008372975498187,-1.0044932316829025,-4.053766632561826,-1.0217495410102317,1.3249015104877262,0
0.48955781812006816,2.9966871451651325,0.9140704829242225,-0.868232466534012,1.1095094007364976,2.7147147781444856,-0.7220450056286917,0.17513107378864712,-2.7384001856299878,-1.2300624674396192,1
-0.06317486528993155,-3.585826355318925,1.5821570995038197,-1.9278844022710604,1.1890304886083873,-1.5491983195328465,-1.8716718953325282,-2.807123827864824,-0.029763663637245585,-0.1993047693078176,1
-3.358918641818093,-4.861597482879611,2.402583610242584,1.1102641546778966,-0.6935345223128293,-2.1321681180589236,0.36863050092180816,-3.1666569786584975,2.1317395342610714,1.0672616016121557,1
-2.2859720387399975,3.1906574543687607,-1.382686749220041,2.151001498292458,-2.386997226573725,-0.0005196078011473482,-3.876229300199272,0.9494908574637563,-4.083686256612176,-3.722388501790298,1
4.3253144226214895,0.7563072429721691,3.0133570296284007,-3.932867927989948,-4.18724521033342,-1.1234473283675934,-2.9279605965331097,-2.914609234157034,0.08798012375703457,0.07775675542426885,0
2.243365455676991,3.6766190277921766,0.8335756915364183,-1.7424240576911818,-1.557913823213974,1.9994841994629062,-0.444643342717145,0.1399390213607923,-1.9304096580799164,0.044101612532966294,0
0.43526444223098415,-3.6510399122538697,-0.3419226121917627,1.9738078811623574,0.48056552260316066,-2.9570179810739177,0.05329688845489189,0.0718981575142091,4.165289893278566,1.3628105186709019,0
1.187060002006976,-0.827798245744309,-1.5291914260861892,-0.34020173725318315,-0.506186904504577,-1.2616674184233527,0.8050093612372493,1.1438290909769855,2.711173381466482,-0.17935283888761244,0
-1.6299300930761662,-3.2999918340347194,3.1557164378232088,-0.10958945315142654,0.6377031147948614,-1.2179173532997323,1.7822230884769947,-3.279612773421771,-0.0555444215096601,1.7356793721628982,1
1.8509104902227818,-0.46788858515639237,1.0953515726433656,-1.8002235795529171,-0.8930636377569638,0.20355874157447795,1.0878397163951037,-1.169310171432689,0.4252602529511784,3.3582821316434908,0
-1.4633877608842747,-2.665907594292348,-0.057129153542168076,-0.6641166442141084,3.303835212967652,-1.221583889303202,-2.405063052825569,-1.4878478223872607,-2.6293515945158994,-2.1051900007849054,1
-2.071532197734666,-4.963647278229988,3.0600326557157858,-1.2748757190312892,1.970803287956194,-1.2583969323372644,0.9442156318741549,-4.339577146442784,-1.3210620887732607,2.767060716989273,1
-2.235461006772857,-2.32727691965993,2.955883045022424,6.077468882709487,-0.21817547803397752,-4.878591941295907,2.584057206543645,-1.8574364799743985,-0.9241463801046471,1.015106744594379,1
-2.102430461949507,-1.4604409249822987,0.5329347983986333,2.5287998095153266,-1.1098150632060004,-1.9182766054781846,1.1720610006320684,-0.4424089153487737,1.1652465851897673,-0.19915240787849342,1
-2.122599550249691,-3.5331337933873397,2.201010545692613,3.428384175125527,0.10500040800794008,-1.531418673799306,-2.976114976002081,-1.9321080200767482,2.24072870472084,1.2971708469417704,0
-0.8741338394832134,-0.9924330459381605,2.815158137545719,2.9651021585570367,1.973829991148162,-1.845559933473864,1.3582559709485764,-1.8553471470868619,-2.8994202650697405,1.2160283125278162,1
0.18120923861601268,1.4608838493782759,-0.03853813402423789,1.0745579552413866,1.243218091124812,0.4560992291709296,1.4156950741411742,0.6209092618666036,-2.352000897919302,0.8802052059635581,1
0.9183477823132786,0.7850856923203077,-0.44834529648782584,-2.0066572610126663,1.311534796993728,-0.06357985457103399,3.1210782414415075,0.25491118694423404,-1.8033633747310993,-0.8793485006092967,1
-4.441646760708373,-9.74253845438013,5.206516953133054,-0.00802731989352412,2.1746469624013214,-2.8919042485707003,-5.752933657338293,-7.487631605023237,0.49481366294361595,1.7818441577692814,0
1.5249017311508435,-4.628828975847963,0.7250737643544722,-3.702384994857006,-4.151356571520755,-3.6293940119383974,-3.318447493738077,-3.3682135414470666,3.1025395467413235,1.0811445699900817,1
4.123372327516279,1.808791301637859,1.9667135861657388,-2.007541016773854,-0.3967971060657445,-0.3592623939733235,1.0044486121153693,-0.9230829486300742,-1.4599226146718043,1.0427217921405876,0
-4.370750916348705,-6.1689078236687624,3.608043939978147,-0.4075478076511754,-0.14006277177091886,-2.4785941525998973,-0.49950866662389926,-6.073154084313248,-3.078491534311694,3.6586615664207596,1
-1.5674818477948487,-2.7077755274976076,-0.8732252545255943,-1.2168224697254906,3.772673131290678,0.43344874588836557,-1.1864399264723577,-0.7561239630599245,-1.565895664820013,0.06978781400132172,1
0.617791479448472,-0.3684876800043264,1.965980292159911,-2.2330945298333598,2.2471163682815884,0.7343676103379582,-0.1893056506924531,-1.722774135779631,-1.7070663420259669,-1.2550108767504913,1
-3.304858964087172,0.19511574058125575,2.1834271055216314,0.653987463208191,1.6794200395860108,1.1014130427396076,1.4541631710113265,-1.6222830076559749,-3.221302413580619,-1.7263349297369635,1
-1.0095844168637342,-2.3522573616119553,2.0837432716583546,1.2019453803352091,1.9400584584743037,-1.304780900638196,2.5591428080255616,-2.2843066880145546,-2.5540239614539946,3.953896325602418,0
0.7502574331370453,0.9309220153877494,-2.1003512980628063,-0.06666675765171326,1.5672273151184963,-0.6572290778442572,2.2893419274406934,2.007942164987546,-0.49978714141495373,-1.7696286975728899,1
-2.520346151510946,2.0104506355490233,0.5330053487404165,1.3457969063611233,-2.1523478375129566,0.3312799157878734,-0.8174881760321548,-0.2390218709292464,-2.2277550910825124,-2.7097448578479426,1
-1.563303156102045,-0.23961351372933037,2.145682058029379,2.344120621637055,0.46990632964814827,0.34435746361570696,-1.9692098777748086,-1.1539321431825484,-0.5841607976113514,-0.2574957006672902,0
-3.0317250546047596,-2.696706050039292,2.98850478072592,0.24917496233423808,0.8666701009813256,-0.10293834961161119,-1.567266374402746,-4.298476153819959,-5.0445751338161715,3.7618829614263083,1
-0.9879382566242222,-4.082800167014101,1.4525501850851632,-1.9704854097670017,3.5532040785252663,-2.1920272529155183,-0.4493379009387386,-2.7928828770395837,-1.4109998213221142,-2.611573037759217,1
-1.8847716102542464,-2.7342996333920344,-0.8829343819729087,-1.330952789845006,0.5505006471609293,-0.9611638557438588,0.2984520231918878,-1.420252926515706,-1.846833361678895,1.5478224796006947,1
-2.941389179578198,-10.852309992847344,4.022768151186874,-0.37599559154868456,1.6361215205327126,-5.397668690532091,-5.50137242275821,-6.8733756310252545,2.4274038984822193,0.49315279243476795,1
-1.27706590538029,0.06061658723863851,0.21110462914056127,0.5540680012908092,-0.03471795613097983,-1.084383977846871,-2.397909132365141,-0.6677696209351951,-2.1421335513219737,-3.259950185372812,1
2.422224814979085,4.442496799610003,0.6399067645830363,0.11787608295105945,-0.21230448343624975,2.7388941714898998,2.665057014358837,2.323040070436042,1.7996795293864662,-1.167242708624206,0
1.7814441993801935,3.4702821394003576,-2.9566395321268706,4.465229124686882,-1.0449459033298518,-0.4854032683568231,2.0502353595742164,4.882518932969005,2.8146161533578278,0.0003058813099643398,0
1.9064348426822713,-6.701856002967713,-0.34699355042964064,-4.728065985639125,0.8549098171970839,-4.716273024528706,-5.0208438508625814,-3.537661494860229,0.7438672921040763,-1.024642952674663,1
-0.7680903327675057,-0.37720153817146884,2.3354888322933816,-0.8403471695472575,-1.3866393059671254,-0.8145283802044639,-0.3468325010407828,-2.2380853408254944,-0.9208822914384936,-1.7926497570521853,1
-1.0539889861800582,-3.253064720401947,2.67875833884335,1.6524464710722733,2.0210644407810427,-2.1969688165565535,2.081211357679752,-2.06071120046153,0.9331251187708596,0.4547330688237663,0
1.4659080687892911,-4.472702111670776,-0.38163310996369737,-1.4842677406887048,2.091650283042788,-2.8307514393707613,1.5192744247490653,-0.7412517844888766,3.221458411934055,0.7928910062305661,0
3.942224407868931,1.8060525516455408,2.781489212035,1.4599992047591381,-0.6919747997863861,-0.835105022577907,-0.35363212612137596,-0.8486116170334025,-1.2764842630586584,3.389387923944917,0
-0.5562838771494414,-0.14040628345848413,1.6245405450354429,2.4231229852428626,0.9578107395361679,-1.033487110861363,1.705901305351403,-0.32782349538055156,-0.11360651887608664,-0.3516503733166183,1
0.7838570491129745,-0.6294850499112826,1.8846866197976841,-1.7421062623221732,-0.9408557232118411,-1.0513105871413837,1.1402886384612698,-2.1903807308023318,-1.4706755673255854,0.9762834911253374,0
0.6525953498998927,3.164380111374385,-1.1209597432873324,0.299132347465223,-2.1260859896975024,1.3545761268759124,0.9011274719717928,1.9601987365313303,0.5357379275531221,-0.45467207655649355,0
-2.8863156166515114,-3.3621652220901765,1.1291295700210795,0.43240188770012344,1.6617311821054221,-2.4397170889356836,-1.0213765176661616,-2.1766355102791155,-0.9845806155406797,-3.4326596598556476,1
-1.165005821029485,-1.897689980414862,1.1384760435135506,-1.5669288127849565,0.6450510368975586,-0.1243351027301054,-0.3163232030764366,-1.9824303928735996,-0.7950344057636342,-0.22500898688111537,1
1.733604197007343,2.71573897894132,0.31329174381808533,-3.7160199880468046,-1.9714883394187743,3.524281017141826,0.7460979415836401,0.1593175793513679,0.4797283312116192,1.158319201774481,0
-1.7101034168537392,-0.7394299349799189,-0.6246907741975671,3.409405485210609,0.25012786335645854,-1.0989231684947436,-1.3683044443865549,0.4243343161282374,-0.645698402948595,0.8515038797454602,0
-2.4255004394346473,-5.148786218585584,1.5030968350279554,-0.511806101745113,0.9669836156257394,-2.401654473243772,1.2786778220149646,-3.1216258643627643,0.31483088448933017,1.4603028554413333,1
-1.6724606413976009,-2.541232728854599,2.0223252245879837,1.9291910152640366,2.034816722393676,-0.14686979757076735,-1.4178191499229378,-1.6683038759694284,0.35032485274718295,1.217355926410589,0
-1.8609945787704731,-3.8502199421936893,0.8380691180295338,-1.3457788845037724,1.0274769341148628,-0.008827447931631704,1.7228641440833172,-2.3284169350325468,0.12293911388992518,3.9711017306695453,1
-1.224593305448191,-4.916809530069909,1.6527345117215941,1.4082874847285538,0.8933919622617997,-2.6899001983965993,-1.72640988658353,-2.405349429305064,2.0692293251544753,1.3138111869721572,0
3.4006089305312086,-1.4387496964994144,1.2826049530093364,-1.7996233328452074,-5.261797476247589,-5.294814415202821,0.32231094611482947,-2.18485086068062,1.5131367813449443,0.1921275699398297,0
-0.5922095210249981,-0.1523913163632629,1.0604729100558072,-0.6706417487026847,-0.5069876012848848,-0.9718543644613405,-1.6633769308173636,-1.426672018791972,-1.721308853862532,-2.6774744181562737,1
-0.7442065759604473,-1.1673925469703135,-0.2408927157815397,1.1918829056317637,-0.48853792199919943,-0.21905683714291757,-0.3620923585917999,0.09493018518524327,1.686635428439691,1.4766846682272787,0
2.3421989603426754,-5.036197991758755,0.7253588277852102,-4.995545078674064,2.5077358006894874,-1.873179124713775,-2.5944909250957133,-3.101162036556877,0.4901807630863313,0.6362935935585794,1
2.217675256841191,1.1053453294443463,2.0886810186417635,-0.6221030652480698,-0.3135553525234446,-0.36261856047946195,1.141400814573959,-1.2078752858868524,-1.8018074361948204,1.6152885352167363,0
-3.475455333688253,-5.010442056316467,4.1216443670177725,0.6967183675903457,2.651717555588546,-0.2845102805019504,-3.47717148420755,-4.777955358244809,-1.3896961660178528,1.347995105663937,1
-0.4531446156259128,-6.923746962706319,4.230128562430849,-4.061764652954149,3.539615686976381,-2.0351400860468565,-1.2822096799137255,-5.740360643868625,0.35873472293424913,-0.4000443734268042,0
0.3692545667870937,0.3553125368559174,0.8926489369856523,0.4747567738614483,1.2186324999872749,-0.7984331990919329,3.16212091097203,-0.2230592893361793,-1.4791631204002589,0.21897893025789905,1
-4.105694287398554,-5.091495214273892,1.5805110919729142,5.014956284229344,0.4793327809174346,-2.8562646234196354,-5.244210786530138,-2.5519020146154237,0.42009635202702755,1.352620808772689,0
1.3297709244714815,2.2307765646946933,2.191873512493696,-1.0756924180385787,-0.45797704274870943,1.5238627196613221,1.3224013515999453,-0.9324903266318857,-1.8885843013652936,1.0534123563757685,0
-2.32979183794991,-4.570009089212984,1.7046918120372343,-2.464512551113872,2.054708382712932,-0.06972311125750275,-0.469130013663724,-4.127832420091365,-3.134413507005483,3.8632210690657915,1
-0.7989484813988317,-1.7671991821516277,2.4627741602146527,-0.5933694963567209,0.28387912784675073,-2.6728033074941546,2.112019154755015,-3.113972133226092,-3.551200384494127,0.08838150598135908,0
-2.2005196026478933,0.2704868354959857,2.1617786186999775,0.4749713604576239,-0.17138421060652465,2.6797674098858666,-2.221782777333354,-1.4438678692092062,-0.4288562268148697,0.4114820627193305,1
-3.0564006106642414,-4.031861451329216,1.0540141188401075,0.5064200341777336,1.2704886858143594,0.755524863399833,-2.6108644171468223,-2.1757726752706543,1.0389348896903803,2.5357531420428217,0
0.04047190468326156,-0.10350581384477929,-0.12496818472315385,1.1392092314226,2.6710673461390173,-1.2985032661740397,1.2681696613914728,-0.056698822347072374,-3.5879316432985506,0.330499020410579,1
1.5077612394198725,-2.852372536486755,-2.915199821430721,-3.815136248249541,3.2203633182641713,-0.12144083496142133,-3.9845095348356017,-0.17085020666713158,-1.3517967237435906,0.7841183849093583,1
1.885422133884423,2.353708268646868,0.8566955959890334,0.32012635675087875,-2.578191462555406,-0.550282803822756,0.959719142049427,0.08373318231924677,-0.7421490067155097,0.7801172657950595,0
-3.4574310654079845,-7.700630374879373,2.0393905574869056,3.3316060770118083,-0.117590942041367,-4.696591553937842,-5.906869658878341,-3.905654711741204,2.5586250087104703,0.7017033970361257,1
-0.8742932859607296,-9.95183700453037,1.0851109655310236,-4.672995800276835,1.180930153041933,-4.555205009119513,-1.1455337161232815,-5.395293166843975,2.2473439717369477,2.492082444144031,1
-0.3672685847898005,-1.4858174383081004,0.6054092764929115,0.5999825851891045,3.0865239092508183,0.029731556240667034,0.7737146113555626,-0.8591384130811608,-2.11983021290156,2.659010839260518,1
-2.925447080562213,-3.4107954337077864,1.570270078262228,0.16608030762950388,0.3634873654099434,-1.555904660423848,-1.3645915474953962,-2.8158027079724555,-0.9739224908385773,-0.567340547736288,1
-0.4824906755813776,-3.0162072982924024,1.6850813259833624,-0.02051472903432261,3.102779228010499,-1.0307995511383925,0.6970023422216163,-1.9771025217272788,-0.8236975981067867,1.2875736638882884,0
-3.41582230089577,-7.061551151082788,2.1262113029011847,2.9486795802489416,0.4819658611780918,-3.4620444976924825,-4.465513084710847,-3.720931396449004,1.9586246691434166,2.074304175437404,0
-1.3455873898937252,-1.6789511400785957,0.5211219949163686,-1.6464145189806383,1.8826349197202603,0.07096071829717432,-0.13183439773594774,-2.2991598747164823,-4.730429114381053,2.2502501577662297,1
-2.4841329553519422,-2.1329999912981132,0.3110769758782076,3.029998365734926,1.1047495837991306,0.045058586127086464,-1.9532691400901547,-0.4749698556528624,0.5082114305180366,2.0174037437325287,0
-2.0308059995804704,-1.8250981660656935,1.9607736001417597,0.46504397896892036,-1.017631297880275,-0.7813722257998745,1.0930136547306182,-2.2160681218679295,-0.2739686023888156,1.3693383049005177,1
-1.0587383057973208,-4.044414892109852,1.7812114743000396,-1.4251471212767468,-0.7816297002935075,-2.8247825812081606,-1.789668852333099,-3.4264398730719945,0.049955774628898775,-0.5964499366065692,1
-1.583057840856935,-4.5111128607699005,-0.9340827562978207,2.8293028731308096,1.1738603221815467,-2.041555046333773,-1.5329254944727129,-0.08001276183361447,3.3139757870726827,2.493608891817715,0
-2.1592086040458023,-2.149475531546949,1.6665471451748575,-0.06484332898843825,-2.5584531590266053,-2.678361352421592,-1.4689612906492306,-2.686800107732563,-0.3362652781409097,-2.365389757181804,1
0.022183429963137602,-5.531164856627903,3.4444503166040894,-3.393442589778507,1.5122743800878542,-1.9589866205809519,0.00039452977697229663,-4.696160467414027,0.8977088548707781,0.9987440591818701,0
-1.8394729784699217,-7.743772605896075,2.6727799411577227,0.14333488908572511,3.0468758733900643,-1.8933290591660086,-2.0584458091878495,-3.8394256289771405,3.501269904569008,2.6622969886020367,0
-1.472256536191541,-0.6928210081575781,1.9131987205135979,-0.4610482476019191,-0.3520402422907387,-0.4828353998352257,0.23488614064291702,-1.8106087573108105,-0.7044948805592931,-1.9891539853778193,1
-2.227227788763714,1.5154828428955278,-2.288196326001149,-0.377982295959322,-0.5732301357099,1.7337708309476791,3.1109718865271425,1.494063281250396,-1.606069045757648,0.7257978018801499,0
-1.0176613243402026,-0.29898574271736905,1.1532152238044648,2.27489697268026,0.22823860734308243,-0.9005420764810541,-1.980287345491785,-0.6196605625308672,-0.6256527471955302,-1.2326730743795389,0
-2.3833162792320453,-5.045350260952472,3.93459810943408,1.7468378929407935,2.217920728733599,-3.201005292010752,1.1314398277251048,-4.586516799567816,-2.6470302233676586,3.081182004019827,1
-1.0056724088111872,-1.1733841537829983,0.8321309559077996,1.89512821570993,-0.6969827376315787,-2.0421602217818915,2.8410084790523245,0.04122529746370841,2.8522856827253067,-1.5558513711655666,1
-3.1556595700783032,-2.8309839638512413,1.0379484941458628,2.3686397349825663,-1.4093252553558695,-1.9307752618042568,-0.6584756166627261,-1.2513202986040728,2.5210837764101965,-1.193768477057607,1
-0.5683491777815957,7.827683080940989,0.005455464982395686,2.353713260536355,0.5299972294625637,2.3344669286055026,-2.402160431451171,2.3240458364710888,-6.921063359113564,-7.377258783503774,1
